2026-09-26 20:19:40 - INFO - Program started
2026-09-26 20:19:40 - INFO - Log: logs\speexx_20260926_201940.log
                
   .d888b,?88,.d88b, d8888b d8888b?88,  88P?88,  88P
   ?8b,   `?88'  ?88d8b_,dPd8b_,dP `?8bd8P' `?8bd8P'
     `?8b   88b  d8P88b    88b     d8P?8b,  d8P?8b, 
  `?888P'   888888P'`?888P'`?888P'd8P' `?8bd8P' `?8b
            88P'                                    
           d88                      Make by Zentrary               
           ?8P                                      

  --- เลือกภาษา / Select Language ---

  [1] ภาษาไทย
  [2] English

  [>] Select: 2026-09-26 20:19:41 - INFO - INPUT: 1
2026-09-26 20:19:41 - INFO - LANG: th
                
   .d888b,?88,.d88b, d8888b d8888b?88,  88P?88,  88P
   ?8b,   `?88'  ?88d8b_,dPd8b_,dP `?8bd8P' `?8bd8P'
     `?8b   88b  d8P88b    88b     d8P?8b,  d8P?8b, 
  `?888P'   888888P'`?888P'`?888P'd8P' `?8bd8P' `?8b
            88P'                                    
           d88                      Make by Zentrary               
           ?8P                                      

  --- เมนูเข้าสู่ระบบ ---

  [1] เริ่มต้นเบราว์เซอร์และเข้าสู่ระบบ
  [2] จัดการบัญชี
  [3] ออกจากโปรแกรม

  [>] Select: 2026-09-26 20:19:42 - INFO - INPUT: 1
                
   .d888b,?88,.d88b, d8888b d8888b?88,  88P?88,  88P
   ?8b,   `?88'  ?88d8b_,dPd8b_,dP `?8bd8P' `?8bd8P'
     `?8b   88b  d8P88b    88b     d8P?8b,  d8P?8b, 
  `?888P'   888888P'`?888P'`?888P'd8P' `?8bd8P' `?8b
            88P'                                    
           d88                      Make by Zentrary               
           ?8P                                      

  --- เลือกบัญชี ---

  [1] i hate niggers [saved pwd] [profile]
  [N] เพิ่มบัญชีใหม่
  [D] ลบรหัสผ่านที่บันทึกไว้
  [X] ลบบัญชี
  [0] ย้อนกลับ

  [>] เลือกบัญชี: 2026-09-26 20:19:43 - INFO - INPUT: 1
  [INFO] Starting Browser with persistent profile...
2026-09-26 20:19:43 - INFO - INFO: Starting Browser with persistent profile...
  [INFO] Chrome Profile: chrome_profiles\676767676767
2026-09-26 20:19:43 - INFO - INFO: Chrome Profile: chrome_profiles\676767676767
2026-09-26 20:19:44 - INFO - [PRON-INIT] Installed at context level
  [ OK ] Session ยังใช้ได้ — ข้ามการ Login
2026-09-26 20:19:47 - INFO - OK: Session ยังใช้ได้ — ข้ามการ Login
  [INFO] Navigating to Results...
2026-09-26 20:19:47 - INFO - INFO: Navigating to Results...
  [ OK ] Results loaded.
2026-09-26 20:19:50 - INFO - OK: Results loaded.
                
   .d888b,?88,.d88b, d8888b d8888b?88,  88P?88,  88P
   ?8b,   `?88'  ?88d8b_,dPd8b_,dP `?8bd8P' `?8bd8P'
     `?8b   88b  d8P88b    88b     d8P?8b,  d8P?8b, 
  `?888P'   888888P'`?888P'`?888P'd8P' `?8bd8P' `?8b
            88P'                                    
           d88                      Make by Zentrary               
           ?8P                                      

  --- เมนูหลัก (Dashboard) ---

  [1] เลือกบทเรียนและดูแบบฝึกหัด
  [2] ไปที่หน้า Results
  [3] ออกจากระบบ
  [4] ออกจากโปรแกรม

  [>] Select: 2026-09-26 20:22:53 - INFO - INPUT: 1
                
   .d888b,?88,.d88b, d8888b d8888b?88,  88P?88,  88P
   ?8b,   `?88'  ?88d8b_,dPd8b_,dP `?8bd8P' `?8bd8P'
     `?8b   88b  d8P88b    88b     d8P?8b,  d8P?8b, 
  `?888P'   888888P'`?888P'`?888P'd8P' `?8bd8P' `?8b
            88P'                                    
           d88                      Make by Zentrary               
           ?8P                                      

  --- บทเรียนที่มีให้เลือก ---

  [1] Test
  [2] B1.1

  [0] ย้อนกลับ

  [>] เลือกบทเรียน: 2026-09-26 20:22:54 - INFO - INPUT: 2
  [WAIT] Selecting B1.1...
2026-09-26 20:22:54 - INFO - WAIT: Selecting B1.1...
  [ OK ] B1.1 selected.
2026-09-26 20:22:57 - INFO - OK: B1.1 selected.
                
   .d888b,?88,.d88b, d8888b d8888b?88,  88P?88,  88P
   ?8b,   `?88'  ?88d8b_,dPd8b_,dP `?8bd8P' `?8bd8P'
     `?8b   88b  d8P88b    88b     d8P?8b,  d8P?8b, 
  `?888P'   888888P'`?888P'`?888P'd8P' `?8bd8P' `?8b
            88P'                                    
           d88                      Make by Zentrary               
           ?8P                                      

  --- รายการแบบฝึกหัด ---

2026-09-26 20:22:57 - INFO - [EXPAND] No visible 'Show more' button
  No.  | หัวข้อ                           | วันที่       | เวลารวม  | คะแนน  | ทบทวน
  -----------------------------------------------------------------------------------------------
  [1  ]| The burglary                     | 26/09/2026   |          |        | _         
  [2  ]| Street musicians                 | 26/09/2026   | 2 min    |        | _         
  [3  ]| He had waited a long time        | 26/09/2026   |          | 100    | _         
  [4  ]| Absolutely perfect               | 26/09/2026   |          | 100    | _         
  [5  ]| A musical genius                 | 26/09/2026   |          | 100    | _         
  [6  ]| Back to the future               | 26/09/2026   | 3 min    |        | _         
  [7  ]| Tell me everything               | 26/09/2026   | 4 min    | 100    | _         
  [8  ]| What does the future hold?       | 26/09/2026   |          | 100    | _         
  [9  ]| I have been running              | 26/09/2026   | 1 min    | 100    | _         
  [10 ]| I'm leaving tomorrow             | 26/09/2026   | 2 min    |        | _         
  [11 ]| At the truck stop                | 26/09/2026   | 1 min    | 100    | _         
  [12 ]| Scheduled events                 | 26/09/2026   | 3 min    | 97     | _         
  [13 ]| On the road                      | 26/09/2026   | 1 min    | 100    | _         
  [14 ]| We're going to take a tour       | 26/09/2026   | 3 min    |        | _         
  [15 ]| What are your plans?             | 26/09/2026   | 3 min    | 100    | _         
  [16 ]| The big trip                     | 26/09/2026   |          | 100    | _         
  [17 ]| Around the world                 | 26/09/2026   | 2 min    | 100    | _         
  [18 ]| The weather will be great        | 26/09/2026   | 21 min   |        | _         
  [19 ]| Hopes and promises               | 26/09/2026   | 2 min    | 100    | _         
  [20 ]| It'll be fine                    | 26/09/2026   | 4 min    | 100    | _         
  [21 ]| A wedding                        | 26/09/2026   | 1 min    | 100    | _         
  [22 ]| A thing of the past              | 25/09/2026   | 10 min   |        | _         
  [23 ]| When she heard a noise           | 25/09/2026   |          | 100    | _         
  [24 ]| When I walked into the room      | 25/09/2026   |          | 100    | _         
  [25 ]| What are they doing?             | 25/09/2026   | 2 min    | 100    | _         
  [26 ]| When can we meet?                | 25/09/2026   | 12 min   |        | _         
  [27 ]| The date                         | 25/09/2026   | 2 min    | 100    | _         
  [28 ]| The time                         | 24/09/2026   | 2 min    | 100    | _         
  [29 ]| The appointment                  | 24/09/2026   | 3 min    | 100    | _         
  [30 ]| Have you been working out?       | 24/09/2026   | 32 min   |        | _         
  [31 ]| Breaking old habits              | 24/09/2026   | 5 min    | 100    | _         
  [32 ]| Wellness in the workplace        | 24/09/2026   | 2 min    | 100    | _         
  [33 ]| Fitness and health               | 24/09/2026   | 2 min    | 100    | _         
  [34 ]| A healthy lifestyle              | 24/09/2026   | 17 min   |        | _         
  [35 ]| Oh, it's very important!         | 23/09/2026   | 1 min    | 100    | _         
  [36 ]| I used to be so unhealthy        | 23/09/2026   | 8 min    | 100    | _         
  [37 ]| Are you healthy?                 | 23/09/2026   | 27 min   | 100    | _         
  [38 ]| How do you feel?                 | 23/09/2026   | 18 min   |        | _         
  [39 ]| Question words                   | 23/09/2026   | 6 min    | 100    | _         
  [40 ]| Take care                        | 23/09/2026   | 1 h  33 m| 100    | _         
  [41 ]| My body                          | 23/09/2026   | 10 min   | 100    | _         
  [42 ]| That hurts!                      | 23/09/2026   | 11 min   |        | _         
  [43 ]| Ouch!                            | 23/09/2026   | 3 min    | 100    | _         
  [44 ]| What happened?                   | 22/09/2026   | 1 min    | 100    | _         
  [45 ]| A little accident                | 22/09/2026   | 2 min    | 100    | _         
  [46 ]| I was waiting                    | 22/09/2026   | 51 min   |        | _         
  [47 ]| Claudia's audition               | 22/09/2026   | 2 min    | 100    | _         
  [48 ]| Some kind of past                | 22/09/2026   | 19 min   | 100    | _         
  [49 ]| The interview                    | 22/09/2026   | 4 min    | 100    | _         
  [50 ]| What's going on?                 | 22/09/2026   | 26 min   |        | _         
  [51 ]| What's the question?             | 21/09/2026   | 5 min    | 89     | _         
  [52 ]| What's going on in Hollywood?    | 21/09/2026   | 10 min   | 100    | _         
  [53 ]| Show business                    | 20/09/2026   | 4 min    | 100    | _         
  [54 ]| What are you doing?              | 20/09/2026   | 48 min   |        | _         
  [55 ]| We're going out tonight          | 16/09/2026   | 37 min   | 100    | _         
  [56 ]| I eat or I am eating?            | 16/09/2026   | 34 min   | 100    | _         
  [57 ]| He's eating                      | 14/09/2026   | 26 min   | 100    | _         
  -----------------------------------------------------------------------------------------------

  [0] ย้อนกลับ

  [>] เลือกแบบฝึกหัด (เช่น 1, 1-5, 1,3,5, all): 2026-09-26 20:23:13 - INFO - INPUT: 2
                
   .d888b,?88,.d88b, d8888b d8888b?88,  88P?88,  88P
   ?8b,   `?88'  ?88d8b_,dPd8b_,dP `?8bd8P' `?8bd8P'
     `?8b   88b  d8P88b    88b     d8P?8b,  d8P?8b, 
  `?888P'   888888P'`?888P'`?888P'd8P' `?8bd8P' `?8b
            88P'                                    
           d88                      Make by Zentrary               
           ?8P                                      

  --- เมนูแบบฝึกหัด: Street musicians ---

  [1] เปิดดูเฉยๆ (Just view)
  [2] Dump ทุกหน้า
  [3] ทำแบบฝึกหัดอัตโนมัติ (Auto Solve)
  [4] ทำแบบฝึกหัดใหม่ต่อเนื่อง (เริ่มรายการแรกและ Continue อัตโนมัติ)
  [0] ย้อนกลับ

  [>] Select: 2026-09-26 20:23:20 - INFO - INPUT: 3

  --- เลือกโหมดการทำ ---
  [1] ทำทุกข้อ (force — ทำแม้ได้ 100 แล้ว)
  [2] ข้ามข้อที่ได้ 100 แล้ว (default)
  [0] ยกเลิก

  [>] เลือกโหมด: 2026-09-26 20:23:22 - INFO - INPUT: 2
  [INFO] เริ่มทำแบบฝึกหัดอัตโนมัติ: Street musicians
2026-09-26 20:23:22 - INFO - INFO: เริ่มทำแบบฝึกหัดอัตโนมัติ: Street musicians
  [INFO] จะไม่ไปข้อถัดไปจนกว่าจะได้คะแนน >= 65
2026-09-26 20:23:22 - INFO - INFO: จะไม่ไปข้อถัดไปจนกว่าจะได้คะแนน >= 65
2026-09-26 20:23:22 - INFO - [EXPAND] No visible 'Show more' button
2026-09-26 20:23:37 - WARNING - [CLICK] Row not found within 15000ms for 'Street musicians'
2026-09-26 20:23:37 - WARNING - [CLICK] Current tbody tr.clickable count: 0
  [ERR ] Cannot open 'Street musicians' — skipping
2026-09-26 20:23:37 - INFO - ERROR: Cannot open 'Street musicians' — skipping

  [>] กด Enter เพื่อดำเนินการต่อ...2026-09-26 20:23:54 - INFO - INPUT: 

  --- ขั้นตอนถัดไป ---
  [1] กลับไปหน้ารายการแบบฝึกหัด
  [2] กลับไปเมนูหลัก
  [3] ออกจากโปรแกรม

  [>] Select: 2026-09-26 20:23:57 - INFO - INPUT: 1
  [INFO] Navigating to Results...
2026-09-26 20:23:57 - INFO - INFO: Navigating to Results...
  [ OK ] Results loaded.
2026-09-26 20:23:59 - INFO - OK: Results loaded.
                
   .d888b,?88,.d88b, d8888b d8888b?88,  88P?88,  88P
   ?8b,   `?88'  ?88d8b_,dPd8b_,dP `?8bd8P' `?8bd8P'
     `?8b   88b  d8P88b    88b     d8P?8b,  d8P?8b, 
  `?888P'   888888P'`?888P'`?888P'd8P' `?8bd8P' `?8b
            88P'                                    
           d88                      Make by Zentrary               
           ?8P                                      

  --- รายการแบบฝึกหัด ---

2026-09-26 20:24:00 - INFO - [EXPAND] No visible 'Show more' button
  No.  | หัวข้อ                           | วันที่       | เวลารวม  | คะแนน  | ทบทวน
  -----------------------------------------------------------------------------------------------
  [1  ]| The burglary                     | 26/09/2026   |          |        | _         
  [2  ]| Street musicians                 | 26/09/2026   | 2 min    |        | _         
  [3  ]| He had waited a long time        | 26/09/2026   |          | 100    | _         
  [4  ]| Absolutely perfect               | 26/09/2026   |          | 100    | _         
  [5  ]| A musical genius                 | 26/09/2026   |          | 100    | _         
  [6  ]| Back to the future               | 26/09/2026   | 3 min    |        | _         
  [7  ]| Tell me everything               | 26/09/2026   | 4 min    | 100    | _         
  [8  ]| What does the future hold?       | 26/09/2026   |          | 100    | _         
  [9  ]| I have been running              | 26/09/2026   | 1 min    | 100    | _         
  [10 ]| I'm leaving tomorrow             | 26/09/2026   | 2 min    |        | _         
  [11 ]| At the truck stop                | 26/09/2026   | 1 min    | 100    | _         
  [12 ]| Scheduled events                 | 26/09/2026   | 3 min    | 97     | _         
  [13 ]| On the road                      | 26/09/2026   | 1 min    | 100    | _         
  [14 ]| We're going to take a tour       | 26/09/2026   | 3 min    |        | _         
  [15 ]| What are your plans?             | 26/09/2026   | 3 min    | 100    | _         
  [16 ]| The big trip                     | 26/09/2026   |          | 100    | _         
  [17 ]| Around the world                 | 26/09/2026   | 2 min    | 100    | _         
  [18 ]| The weather will be great        | 26/09/2026   | 21 min   |        | _         
  [19 ]| Hopes and promises               | 26/09/2026   | 2 min    | 100    | _         
  [20 ]| It'll be fine                    | 26/09/2026   | 4 min    | 100    | _         
  [21 ]| A wedding                        | 26/09/2026   | 1 min    | 100    | _         
  [22 ]| A thing of the past              | 25/09/2026   | 10 min   |        | _         
  [23 ]| When she heard a noise           | 25/09/2026   |          | 100    | _         
  [24 ]| When I walked into the room      | 25/09/2026   |          | 100    | _         
  [25 ]| What are they doing?             | 25/09/2026   | 2 min    | 100    | _         
  [26 ]| When can we meet?                | 25/09/2026   | 12 min   |        | _         
  [27 ]| The date                         | 25/09/2026   | 2 min    | 100    | _         
  [28 ]| The time                         | 24/09/2026   | 2 min    | 100    | _         
  [29 ]| The appointment                  | 24/09/2026   | 3 min    | 100    | _         
  [30 ]| Have you been working out?       | 24/09/2026   | 32 min   |        | _         
  [31 ]| Breaking old habits              | 24/09/2026   | 5 min    | 100    | _         
  [32 ]| Wellness in the workplace        | 24/09/2026   | 2 min    | 100    | _         
  [33 ]| Fitness and health               | 24/09/2026   | 2 min    | 100    | _         
  [34 ]| A healthy lifestyle              | 24/09/2026   | 17 min   |        | _         
  [35 ]| Oh, it's very important!         | 23/09/2026   | 1 min    | 100    | _         
  [36 ]| I used to be so unhealthy        | 23/09/2026   | 8 min    | 100    | _         
  [37 ]| Are you healthy?                 | 23/09/2026   | 27 min   | 100    | _         
  [38 ]| How do you feel?                 | 23/09/2026   | 18 min   |        | _         
  [39 ]| Question words                   | 23/09/2026   | 6 min    | 100    | _         
  [40 ]| Take care                        | 23/09/2026   | 1 h  33 m| 100    | _         
  [41 ]| My body                          | 23/09/2026   | 10 min   | 100    | _         
  [42 ]| That hurts!                      | 23/09/2026   | 11 min   |        | _         
  [43 ]| Ouch!                            | 23/09/2026   | 3 min    | 100    | _         
  [44 ]| What happened?                   | 22/09/2026   | 1 min    | 100    | _         
  [45 ]| A little accident                | 22/09/2026   | 2 min    | 100    | _         
  [46 ]| I was waiting                    | 22/09/2026   | 51 min   |        | _         
  [47 ]| Claudia's audition               | 22/09/2026   | 2 min    | 100    | _         
  [48 ]| Some kind of past                | 22/09/2026   | 19 min   | 100    | _         
  [49 ]| The interview                    | 22/09/2026   | 4 min    | 100    | _         
  [50 ]| What's going on?                 | 22/09/2026   | 26 min   |        | _         
  [51 ]| What's the question?             | 21/09/2026   | 5 min    | 89     | _         
  [52 ]| What's going on in Hollywood?    | 21/09/2026   | 10 min   | 100    | _         
  [53 ]| Show business                    | 20/09/2026   | 4 min    | 100    | _         
  [54 ]| What are you doing?              | 20/09/2026   | 48 min   |        | _         
  [55 ]| We're going out tonight          | 16/09/2026   | 37 min   | 100    | _         
  [56 ]| I eat or I am eating?            | 16/09/2026   | 34 min   | 100    | _         
  [57 ]| He's eating                      | 14/09/2026   | 26 min   | 100    | _         
  -----------------------------------------------------------------------------------------------

  [0] ย้อนกลับ

  [>] เลือกแบบฝึกหัด (เช่น 1, 1-5, 1,3,5, all): 2026-09-26 20:24:02 - INFO - INPUT: 2
                
   .d888b,?88,.d88b, d8888b d8888b?88,  88P?88,  88P
   ?8b,   `?88'  ?88d8b_,dPd8b_,dP `?8bd8P' `?8bd8P'
     `?8b   88b  d8P88b    88b     d8P?8b,  d8P?8b, 
  `?888P'   888888P'`?888P'`?888P'd8P' `?8bd8P' `?8b
            88P'                                    
           d88                      Make by Zentrary               
           ?8P                                      

  --- เมนูแบบฝึกหัด: Street musicians ---

  [1] เปิดดูเฉยๆ (Just view)
  [2] Dump ทุกหน้า
  [3] ทำแบบฝึกหัดอัตโนมัติ (Auto Solve)
  [4] ทำแบบฝึกหัดใหม่ต่อเนื่อง (เริ่มรายการแรกและ Continue อัตโนมัติ)
  [0] ย้อนกลับ

  [>] Select: 2026-09-26 20:24:03 - INFO - INPUT: 3

  --- เลือกโหมดการทำ ---
  [1] ทำทุกข้อ (force — ทำแม้ได้ 100 แล้ว)
  [2] ข้ามข้อที่ได้ 100 แล้ว (default)
  [0] ยกเลิก

  [>] เลือกโหมด: 2026-09-26 20:24:04 - INFO - INPUT: 1
  [INFO] เริ่มทำแบบฝึกหัดอัตโนมัติ: Street musicians
2026-09-26 20:24:04 - INFO - INFO: เริ่มทำแบบฝึกหัดอัตโนมัติ: Street musicians
  [INFO] จะไม่ไปข้อถัดไปจนกว่าจะได้คะแนน >= 65
2026-09-26 20:24:04 - INFO - INFO: จะไม่ไปข้อถัดไปจนกว่าจะได้คะแนน >= 65
2026-09-26 20:24:04 - INFO - [EXPAND] No visible 'Show more' button
2026-09-26 20:24:09 - INFO - [CLICK] 'Street musicians' clicked (normal)
2026-09-26 20:24:10 - INFO - [TOTAL] Found 12 pages via .exercises-large-navigation.visible-lg li (attempt 1/4)
  [INFO] พบทั้งหมด 12 หน้า
2026-09-26 20:24:10 - INFO - INFO: พบทั้งหมด 12 หน้า
  [PAGE] หน้า 1/12 | ประเภท: type-single-item-pronunciation
2026-09-26 20:24:12 - INFO - PAGE: หน้า 1/12 | ประเภท: type-single-item-pronunciation
2026-09-26 20:24:12 - INFO - [FORCE] Page 1: force_solve=True — skipping early-pass check
2026-09-26 20:24:12 - INFO - === Pronunciation Solver ===
    >> Recording item 1...
2026-09-26 20:24:12 - INFO - STEP: Recording item 1...
    >> Mic started
2026-09-26 20:24:13 - INFO - STEP: Mic started
    >> Recording duration: 3.9s
2026-09-26 20:24:14 - INFO - STEP: Recording duration: 3.9s
    >> Mic stopped
2026-09-26 20:24:17 - INFO - STEP: Mic stopped
    >> Checking pronunciation batch...
2026-09-26 20:24:18 - INFO - STEP: Checking pronunciation batch...
    >> Clicked [Correction]
2026-09-26 20:24:18 - INFO - STEP: Clicked [Correction]
    >> Result: 91/100 | Failed items: 0 | Unscored: 0
2026-09-26 20:24:22 - INFO - STEP: Result: 91/100 | Failed items: 0 | Unscored: 0
2026-09-26 20:24:22 - INFO - Pronunciation SUCCESS! Time: 10.67s | Score: 91
  [>>  ] หน้า 1: สำเร็จ (91) | 10.67s
2026-09-26 20:24:23 - INFO - RESULT: หน้า 1: สำเร็จ (91) | 10.67s
  [PAGE] หน้า 2/12 | ประเภท: type-single-item-pronunciation
2026-09-26 20:24:26 - INFO - PAGE: หน้า 2/12 | ประเภท: type-single-item-pronunciation
2026-09-26 20:24:26 - INFO - [FORCE] Page 2: force_solve=True — skipping early-pass check
2026-09-26 20:24:26 - INFO - === Pronunciation Solver ===
    >> Recording item 1...
2026-09-26 20:24:26 - INFO - STEP: Recording item 1...
    >> Mic started
2026-09-26 20:24:27 - INFO - STEP: Mic started
    >> Recording duration: 5.8s
2026-09-26 20:24:28 - INFO - STEP: Recording duration: 5.8s
    >> Mic stopped
2026-09-26 20:24:33 - INFO - STEP: Mic stopped
    >> Checking pronunciation batch...
2026-09-26 20:24:34 - INFO - STEP: Checking pronunciation batch...
    >> Clicked [Correction]
2026-09-26 20:24:34 - INFO - STEP: Clicked [Correction]
    >> Result: 88/100 | Failed items: 0 | Unscored: 0
2026-09-26 20:24:38 - INFO - STEP: Result: 88/100 | Failed items: 0 | Unscored: 0
2026-09-26 20:24:38 - INFO - Pronunciation SUCCESS! Time: 12.70s | Score: 88
  [>>  ] หน้า 2: สำเร็จ (88) | 12.70s
2026-09-26 20:24:39 - INFO - RESULT: หน้า 2: สำเร็จ (88) | 12.70s
  [PAGE] หน้า 3/12 | ประเภท: type-single-item-pronunciation
2026-09-26 20:24:42 - INFO - PAGE: หน้า 3/12 | ประเภท: type-single-item-pronunciation
2026-09-26 20:24:42 - INFO - [FORCE] Page 3: force_solve=True — skipping early-pass check
2026-09-26 20:24:42 - INFO - === Pronunciation Solver ===
    >> Recording item 1...
2026-09-26 20:24:42 - INFO - STEP: Recording item 1...
    >> Mic started
2026-09-26 20:24:43 - INFO - STEP: Mic started
    >> Recording duration: 6.8s
2026-09-26 20:24:44 - INFO - STEP: Recording duration: 6.8s
    >> Mic stopped
2026-09-26 20:24:51 - INFO - STEP: Mic stopped
    >> Checking pronunciation batch...
2026-09-26 20:24:51 - INFO - STEP: Checking pronunciation batch...
    >> Clicked [Correction]
2026-09-26 20:24:51 - INFO - STEP: Clicked [Correction]
    >> Result: 92/100 | Failed items: 0 | Unscored: 0
2026-09-26 20:24:56 - INFO - STEP: Result: 92/100 | Failed items: 0 | Unscored: 0
2026-09-26 20:24:56 - INFO - Pronunciation SUCCESS! Time: 13.78s | Score: 92
  [>>  ] หน้า 3: สำเร็จ (92) | 13.78s
2026-09-26 20:24:57 - INFO - RESULT: หน้า 3: สำเร็จ (92) | 13.78s
  [PAGE] หน้า 4/12 | ประเภท: type-single-item-pronunciation
2026-09-26 20:24:59 - INFO - PAGE: หน้า 4/12 | ประเภท: type-single-item-pronunciation
2026-09-26 20:24:59 - INFO - [FORCE] Page 4: force_solve=True — skipping early-pass check
2026-09-26 20:24:59 - INFO - === Pronunciation Solver ===
    >> Recording item 1...
2026-09-26 20:25:00 - INFO - STEP: Recording item 1...
    >> Mic started
2026-09-26 20:25:01 - INFO - STEP: Mic started
    >> Recording duration: 5.8s
2026-09-26 20:25:01 - INFO - STEP: Recording duration: 5.8s
    >> Mic stopped
2026-09-26 20:25:07 - INFO - STEP: Mic stopped
    >> Checking pronunciation batch...
2026-09-26 20:25:08 - INFO - STEP: Checking pronunciation batch...
    >> Clicked [Correction]
2026-09-26 20:25:08 - INFO - STEP: Clicked [Correction]
    >> Result: 96/100 | Failed items: 0 | Unscored: 0
2026-09-26 20:25:12 - INFO - STEP: Result: 96/100 | Failed items: 0 | Unscored: 0
2026-09-26 20:25:12 - INFO - Pronunciation SUCCESS! Time: 12.89s | Score: 96
  [>>  ] หน้า 4: สำเร็จ (96) | 12.89s
2026-09-26 20:25:13 - INFO - RESULT: หน้า 4: สำเร็จ (96) | 12.89s
  [PAGE] หน้า 5/12 | ประเภท: type-single-item-pronunciation
2026-09-26 20:25:15 - INFO - PAGE: หน้า 5/12 | ประเภท: type-single-item-pronunciation
2026-09-26 20:25:15 - INFO - [FORCE] Page 5: force_solve=True — skipping early-pass check
2026-09-26 20:25:15 - INFO - === Pronunciation Solver ===
    >> Recording item 1...
2026-09-26 20:25:16 - INFO - STEP: Recording item 1...
    >> Mic started
2026-09-26 20:25:21 - INFO - STEP: Mic started
    >> Recording duration: 8.4s
2026-09-26 20:25:22 - INFO - STEP: Recording duration: 8.4s
    >> Mic stopped
2026-09-26 20:25:30 - INFO - STEP: Mic stopped
    >> Checking pronunciation batch...
2026-09-26 20:25:30 - INFO - STEP: Checking pronunciation batch...
    >> Clicked [Correction]
2026-09-26 20:25:31 - INFO - STEP: Clicked [Correction]
    >> Result: 91/100 | Failed items: 0 | Unscored: 0
2026-09-26 20:25:35 - INFO - STEP: Result: 91/100 | Failed items: 0 | Unscored: 0
2026-09-26 20:25:35 - INFO - Pronunciation SUCCESS! Time: 19.41s | Score: 91
  [>>  ] หน้า 5: สำเร็จ (91) | 19.41s
2026-09-26 20:25:36 - INFO - RESULT: หน้า 5: สำเร็จ (91) | 19.41s
  [PAGE] หน้า 6/12 | ประเภท: type-single-item-pronunciation
2026-09-26 20:25:38 - INFO - PAGE: หน้า 6/12 | ประเภท: type-single-item-pronunciation
2026-09-26 20:25:38 - INFO - [FORCE] Page 6: force_solve=True — skipping early-pass check
2026-09-26 20:25:38 - INFO - === Pronunciation Solver ===
    >> Recording item 1...
2026-09-26 20:25:39 - INFO - STEP: Recording item 1...
    >> Mic started
2026-09-26 20:25:40 - INFO - STEP: Mic started
    >> Recording duration: 5.6s
2026-09-26 20:25:40 - INFO - STEP: Recording duration: 5.6s
    >> Mic stopped
2026-09-26 20:25:46 - INFO - STEP: Mic stopped
    >> Checking pronunciation batch...
2026-09-26 20:25:46 - INFO - STEP: Checking pronunciation batch...
    >> Clicked [Correction]
2026-09-26 20:25:47 - INFO - STEP: Clicked [Correction]
    >> Result: 91/100 | Failed items: 0 | Unscored: 0
2026-09-26 20:25:51 - INFO - STEP: Result: 91/100 | Failed items: 0 | Unscored: 0
2026-09-26 20:25:51 - INFO - Pronunciation SUCCESS! Time: 12.52s | Score: 91
  [>>  ] หน้า 6: สำเร็จ (91) | 12.52s
2026-09-26 20:25:52 - INFO - RESULT: หน้า 6: สำเร็จ (91) | 12.52s
  [PAGE] หน้า 7/12 | ประเภท: type-single-item-pronunciation
2026-09-26 20:25:54 - INFO - PAGE: หน้า 7/12 | ประเภท: type-single-item-pronunciation
2026-09-26 20:25:54 - INFO - [FORCE] Page 7: force_solve=True — skipping early-pass check
2026-09-26 20:25:54 - INFO - === Pronunciation Solver ===
    >> Recording item 1...
2026-09-26 20:25:55 - INFO - STEP: Recording item 1...
    >> Mic started
2026-09-26 20:25:56 - INFO - STEP: Mic started
    >> Recording duration: 5.3s
2026-09-26 20:25:56 - INFO - STEP: Recording duration: 5.3s
    >> Mic stopped
2026-09-26 20:26:02 - INFO - STEP: Mic stopped
    >> Checking pronunciation batch...
2026-09-26 20:26:02 - INFO - STEP: Checking pronunciation batch...
    >> Clicked [Correction]
2026-09-26 20:26:02 - INFO - STEP: Clicked [Correction]
    >> Result: 95/100 | Failed items: 0 | Unscored: 0
2026-09-26 20:26:07 - INFO - STEP: Result: 95/100 | Failed items: 0 | Unscored: 0
2026-09-26 20:26:07 - INFO - Pronunciation SUCCESS! Time: 12.24s | Score: 95
  [>>  ] หน้า 7: สำเร็จ (95) | 12.24s
2026-09-26 20:26:07 - INFO - RESULT: หน้า 7: สำเร็จ (95) | 12.24s
  [PAGE] หน้า 8/12 | ประเภท: type-single-item-pronunciation
2026-09-26 20:26:10 - INFO - PAGE: หน้า 8/12 | ประเภท: type-single-item-pronunciation
2026-09-26 20:26:10 - INFO - [FORCE] Page 8: force_solve=True — skipping early-pass check
2026-09-26 20:26:10 - INFO - === Pronunciation Solver ===
    >> Recording item 1...
2026-09-26 20:26:11 - INFO - STEP: Recording item 1...
    >> Mic started
2026-09-26 20:26:12 - INFO - STEP: Mic started
    >> Recording duration: 5.5s
2026-09-26 20:26:12 - INFO - STEP: Recording duration: 5.5s
    >> Mic stopped
2026-09-26 20:26:18 - INFO - STEP: Mic stopped
    >> Checking pronunciation batch...
2026-09-26 20:26:18 - INFO - STEP: Checking pronunciation batch...
    >> Clicked [Correction]
2026-09-26 20:26:18 - INFO - STEP: Clicked [Correction]
    >> Result: 91/100 | Failed items: 0 | Unscored: 0
2026-09-26 20:26:23 - INFO - STEP: Result: 91/100 | Failed items: 0 | Unscored: 0
2026-09-26 20:26:23 - INFO - Pronunciation SUCCESS! Time: 12.41s | Score: 91
  [>>  ] หน้า 8: สำเร็จ (91) | 12.41s
2026-09-26 20:26:23 - INFO - RESULT: หน้า 8: สำเร็จ (91) | 12.41s
  [PAGE] หน้า 9/12 | ประเภท: type-single-item-pronunciation
2026-09-26 20:26:26 - INFO - PAGE: หน้า 9/12 | ประเภท: type-single-item-pronunciation
2026-09-26 20:26:26 - INFO - [FORCE] Page 9: force_solve=True — skipping early-pass check
2026-09-26 20:26:26 - INFO - === Pronunciation Solver ===
    >> Recording item 1...
2026-09-26 20:26:26 - INFO - STEP: Recording item 1...
    >> Mic started
2026-09-26 20:26:27 - INFO - STEP: Mic started
    >> Recording duration: 5.1s
2026-09-26 20:26:28 - INFO - STEP: Recording duration: 5.1s
    >> Mic stopped
2026-09-26 20:26:33 - INFO - STEP: Mic stopped
    >> Checking pronunciation batch...
2026-09-26 20:26:34 - INFO - STEP: Checking pronunciation batch...
    >> Clicked [Correction]
2026-09-26 20:26:34 - INFO - STEP: Clicked [Correction]
    >> Result: 82/100 | Failed items: 0 | Unscored: 0
2026-09-26 20:26:38 - INFO - STEP: Result: 82/100 | Failed items: 0 | Unscored: 0
2026-09-26 20:26:38 - INFO - Pronunciation SUCCESS! Time: 12.09s | Score: 82
  [>>  ] หน้า 9: สำเร็จ (82) | 12.09s
2026-09-26 20:26:39 - INFO - RESULT: หน้า 9: สำเร็จ (82) | 12.09s
  [PAGE] หน้า 10/12 | ประเภท: type-single-item-pronunciation
2026-09-26 20:26:41 - INFO - PAGE: หน้า 10/12 | ประเภท: type-single-item-pronunciation
2026-09-26 20:26:41 - INFO - [FORCE] Page 10: force_solve=True — skipping early-pass check
2026-09-26 20:26:41 - INFO - === Pronunciation Solver ===
    >> Recording item 1...
2026-09-26 20:26:42 - INFO - STEP: Recording item 1...
    >> Mic started
2026-09-26 20:26:43 - INFO - STEP: Mic started
    >> Recording duration: 5.0s
2026-09-26 20:26:43 - INFO - STEP: Recording duration: 5.0s
    >> Mic stopped
2026-09-26 20:26:49 - INFO - STEP: Mic stopped
    >> Checking pronunciation batch...
2026-09-26 20:26:49 - INFO - STEP: Checking pronunciation batch...
    >> Clicked [Correction]
2026-09-26 20:26:49 - INFO - STEP: Clicked [Correction]
    >> Result: 82/100 | Failed items: 0 | Unscored: 0
2026-09-26 20:26:53 - INFO - STEP: Result: 82/100 | Failed items: 0 | Unscored: 0
2026-09-26 20:26:53 - INFO - Pronunciation SUCCESS! Time: 11.97s | Score: 82
  [>>  ] หน้า 10: สำเร็จ (82) | 11.97s
2026-09-26 20:26:54 - INFO - RESULT: หน้า 10: สำเร็จ (82) | 11.97s
  [PAGE] หน้า 11/12 | ประเภท: type-single-item-pronunciation
2026-09-26 20:26:57 - INFO - PAGE: หน้า 11/12 | ประเภท: type-single-item-pronunciation
2026-09-26 20:26:57 - INFO - [FORCE] Page 11: force_solve=True — skipping early-pass check
2026-09-26 20:26:57 - INFO - === Pronunciation Solver ===
    >> Recording item 1...
2026-09-26 20:26:57 - INFO - STEP: Recording item 1...
    >> Mic started
2026-09-26 20:26:59 - INFO - STEP: Mic started
    >> Recording duration: 4.5s
2026-09-26 20:26:59 - INFO - STEP: Recording duration: 4.5s
    >> Mic stopped
2026-09-26 20:27:04 - INFO - STEP: Mic stopped
    >> Checking pronunciation batch...
2026-09-26 20:27:04 - INFO - STEP: Checking pronunciation batch...
    >> Clicked [Correction]
2026-09-26 20:27:04 - INFO - STEP: Clicked [Correction]
    >> Result: 84/100 | Failed items: 0 | Unscored: 0
2026-09-26 20:27:09 - INFO - STEP: Result: 84/100 | Failed items: 0 | Unscored: 0
2026-09-26 20:27:09 - INFO - Pronunciation SUCCESS! Time: 11.64s | Score: 84
  [>>  ] หน้า 11: สำเร็จ (84) | 11.64s
2026-09-26 20:27:09 - INFO - RESULT: หน้า 11: สำเร็จ (84) | 11.64s
  [PAGE] หน้า 12/12 | ประเภท: type-single-item-pronunciation
2026-09-26 20:27:12 - INFO - PAGE: หน้า 12/12 | ประเภท: type-single-item-pronunciation
2026-09-26 20:27:12 - INFO - [FORCE] Page 12: force_solve=True — skipping early-pass check
2026-09-26 20:27:12 - INFO - === Pronunciation Solver ===
    >> Recording item 1...
2026-09-26 20:27:13 - INFO - STEP: Recording item 1...
    >> Mic started
2026-09-26 20:27:14 - INFO - STEP: Mic started
    >> Recording duration: 5.2s
2026-09-26 20:27:14 - INFO - STEP: Recording duration: 5.2s
    >> Mic stopped
2026-09-26 20:27:19 - INFO - STEP: Mic stopped
    >> Checking pronunciation batch...
2026-09-26 20:27:20 - INFO - STEP: Checking pronunciation batch...
    >> Clicked [Correction]
2026-09-26 20:27:20 - INFO - STEP: Clicked [Correction]
    >> Result: 94/100 | Failed items: 0 | Unscored: 0
2026-09-26 20:27:24 - INFO - STEP: Result: 94/100 | Failed items: 0 | Unscored: 0
2026-09-26 20:27:24 - INFO - Pronunciation SUCCESS! Time: 12.14s | Score: 94
  [>>  ] หน้า 12: สำเร็จ (94) | 12.14s
2026-09-26 20:27:25 - INFO - RESULT: หน้า 12: สำเร็จ (94) | 12.14s

  ===========================================================================
     >>> สรุปผลการทำแบบฝึกหัด <<<
  ===========================================================================
     รายการแบบฝึกหัด:
  ---------------------------------------------------------------------------
   [[OK]] หน้า 1   |  ผ่าน      |  คะแนน  91/100  |  เวลาที่ใช้ 10.67s
   [[OK]] หน้า 2   |  ผ่าน      |  คะแนน  88/100  |  เวลาที่ใช้ 12.70s
   [[OK]] หน้า 3   |  ผ่าน      |  คะแนน  92/100  |  เวลาที่ใช้ 13.78s
   [[OK]] หน้า 4   |  ผ่าน      |  คะแนน  96/100  |  เวลาที่ใช้ 12.89s
   [[OK]] หน้า 5   |  ผ่าน      |  คะแนน  91/100  |  เวลาที่ใช้ 19.41s
   [[OK]] หน้า 6   |  ผ่าน      |  คะแนน  91/100  |  เวลาที่ใช้ 12.52s
   [[OK]] หน้า 7   |  ผ่าน      |  คะแนน  95/100  |  เวลาที่ใช้ 12.24s
   [[OK]] หน้า 8   |  ผ่าน      |  คะแนน  91/100  |  เวลาที่ใช้ 12.41s
   [[OK]] หน้า 9   |  ผ่าน      |  คะแนน  82/100  |  เวลาที่ใช้ 12.09s
   [[OK]] หน้า 10  |  ผ่าน      |  คะแนน  82/100  |  เวลาที่ใช้ 11.97s
   [[OK]] หน้า 11  |  ผ่าน      |  คะแนน  84/100  |  เวลาที่ใช้ 11.64s
   [[OK]] หน้า 12  |  ผ่าน      |  คะแนน  94/100  |  เวลาที่ใช้ 12.14s
  ---------------------------------------------------------------------------
     ผ่านทั้งหมด : 12
     เวลารวม : 154.46 s
  ===========================================================================
2026-09-26 20:27:26 - INFO - [REPORT] Saved: reports\Street_musicians_20260926_202726.json
  [INFO] Done.
2026-09-26 20:27:26 - INFO - INFO: Done.
  [ OK ] Completion modal detected (after 0.0s)
2026-09-26 20:27:26 - INFO - OK: Completion modal detected (after 0.0s)

     Speexx Info:
  ---------------------------------------------------------------------------
  ===========================================================================

  --- ต้องการทำอะไรต่อ? ---
  [1] ทำซ้ำ (Repeat)
  [2] เรียนรู้ต่อ (Continue)
  [0] ไม่ทำอะไร (กลับเมนูหลัก)

  [>] เลือก: 2026-09-26 20:28:36 - INFO - INPUT: 0

  --- ขั้นตอนถัดไป ---
  [1] กลับไปหน้ารายการแบบฝึกหัด
  [2] กลับไปเมนูหลัก
  [3] ออกจากโปรแกรม

  [>] Select: 2026-09-26 20:28:39 - INFO - INPUT: 1
  [INFO] Navigating to Results...
2026-09-26 20:28:39 - INFO - INFO: Navigating to Results...
  [ OK ] Results loaded.
2026-09-26 20:28:41 - INFO - OK: Results loaded.
                
   .d888b,?88,.d88b, d8888b d8888b?88,  88P?88,  88P
   ?8b,   `?88'  ?88d8b_,dPd8b_,dP `?8bd8P' `?8bd8P'
     `?8b   88b  d8P88b    88b     d8P?8b,  d8P?8b, 
  `?888P'   888888P'`?888P'`?888P'd8P' `?8bd8P' `?8b
            88P'                                    
           d88                      Make by Zentrary               
           ?8P                                      

  --- รายการแบบฝึกหัด ---

2026-09-26 20:28:42 - INFO - [EXPAND] No visible 'Show more' button
  No.  | หัวข้อ                           | วันที่       | เวลารวม  | คะแนน  | ทบทวน
  -----------------------------------------------------------------------------------------------
  [1  ]| The burglary                     | 26/09/2026   |          |        | _         
  [2  ]| Street musicians                 | 26/09/2026   | 4 min    |        | _         
  [3  ]| He had waited a long time        | 26/09/2026   |          | 100    | _         
  [4  ]| Absolutely perfect               | 26/09/2026   |          | 100    | _         
  [5  ]| A musical genius                 | 26/09/2026   |          | 100    | _         
  [6  ]| Back to the future               | 26/09/2026   | 3 min    |        | _         
  [7  ]| Tell me everything               | 26/09/2026   | 4 min    | 100    | _         
  [8  ]| What does the future hold?       | 26/09/2026   |          | 100    | _         
  [9  ]| I have been running              | 26/09/2026   | 1 min    | 100    | _         
  [10 ]| I'm leaving tomorrow             | 26/09/2026   | 2 min    |        | _         
  [11 ]| At the truck stop                | 26/09/2026   | 1 min    | 100    | _         
  [12 ]| Scheduled events                 | 26/09/2026   | 3 min    | 97     | _         
  [13 ]| On the road                      | 26/09/2026   | 1 min    | 100    | _         
  [14 ]| We're going to take a tour       | 26/09/2026   | 3 min    |        | _         
  [15 ]| What are your plans?             | 26/09/2026   | 3 min    | 100    | _         
  [16 ]| The big trip                     | 26/09/2026   |          | 100    | _         
  [17 ]| Around the world                 | 26/09/2026   | 2 min    | 100    | _         
  [18 ]| The weather will be great        | 26/09/2026   | 21 min   |        | _         
  [19 ]| Hopes and promises               | 26/09/2026   | 2 min    | 100    | _         
  [20 ]| It'll be fine                    | 26/09/2026   | 4 min    | 100    | _         
  [21 ]| A wedding                        | 26/09/2026   | 1 min    | 100    | _         
  [22 ]| A thing of the past              | 25/09/2026   | 10 min   |        | _         
  [23 ]| When she heard a noise           | 25/09/2026   |          | 100    | _         
  [24 ]| When I walked into the room      | 25/09/2026   |          | 100    | _         
  [25 ]| What are they doing?             | 25/09/2026   | 2 min    | 100    | _         
  [26 ]| When can we meet?                | 25/09/2026   | 12 min   |        | _         
  [27 ]| The date                         | 25/09/2026   | 2 min    | 100    | _         
  [28 ]| The time                         | 24/09/2026   | 2 min    | 100    | _         
  [29 ]| The appointment                  | 24/09/2026   | 3 min    | 100    | _         
  [30 ]| Have you been working out?       | 24/09/2026   | 32 min   |        | _         
  [31 ]| Breaking old habits              | 24/09/2026   | 5 min    | 100    | _         
  [32 ]| Wellness in the workplace        | 24/09/2026   | 2 min    | 100    | _         
  [33 ]| Fitness and health               | 24/09/2026   | 2 min    | 100    | _         
  [34 ]| A healthy lifestyle              | 24/09/2026   | 17 min   |        | _         
  [35 ]| Oh, it's very important!         | 23/09/2026   | 1 min    | 100    | _         
  [36 ]| I used to be so unhealthy        | 23/09/2026   | 8 min    | 100    | _         
  [37 ]| Are you healthy?                 | 23/09/2026   | 27 min   | 100    | _         
  [38 ]| How do you feel?                 | 23/09/2026   | 18 min   |        | _         
  [39 ]| Question words                   | 23/09/2026   | 6 min    | 100    | _         
  [40 ]| Take care                        | 23/09/2026   | 1 h  33 m| 100    | _         
  [41 ]| My body                          | 23/09/2026   | 10 min   | 100    | _         
  [42 ]| That hurts!                      | 23/09/2026   | 11 min   |        | _         
  [43 ]| Ouch!                            | 23/09/2026   | 3 min    | 100    | _         
  [44 ]| What happened?                   | 22/09/2026   | 1 min    | 100    | _         
  [45 ]| A little accident                | 22/09/2026   | 2 min    | 100    | _         
  [46 ]| I was waiting                    | 22/09/2026   | 51 min   |        | _         
  [47 ]| Claudia's audition               | 22/09/2026   | 2 min    | 100    | _         
  [48 ]| Some kind of past                | 22/09/2026   | 19 min   | 100    | _         
  [49 ]| The interview                    | 22/09/2026   | 4 min    | 100    | _         
  [50 ]| What's going on?                 | 22/09/2026   | 26 min   |        | _         
  [51 ]| What's the question?             | 21/09/2026   | 5 min    | 89     | _         
  [52 ]| What's going on in Hollywood?    | 21/09/2026   | 10 min   | 100    | _         
  [53 ]| Show business                    | 20/09/2026   | 4 min    | 100    | _         
  [54 ]| What are you doing?              | 20/09/2026   | 48 min   |        | _         
  [55 ]| We're going out tonight          | 16/09/2026   | 37 min   | 100    | _         
  [56 ]| I eat or I am eating?            | 16/09/2026   | 34 min   | 100    | _         
  [57 ]| He's eating                      | 14/09/2026   | 26 min   | 100    | _         
  -----------------------------------------------------------------------------------------------

  [0] ย้อนกลับ

  [>] เลือกแบบฝึกหัด (เช่น 1, 1-5, 1,3,5, all): 2026-09-26 20:28:47 - INFO - INPUT: 51
                
   .d888b,?88,.d88b, d8888b d8888b?88,  88P?88,  88P
   ?8b,   `?88'  ?88d8b_,dPd8b_,dP `?8bd8P' `?8bd8P'
     `?8b   88b  d8P88b    88b     d8P?8b,  d8P?8b, 
  `?888P'   888888P'`?888P'`?888P'd8P' `?8bd8P' `?8b
            88P'                                    
           d88                      Make by Zentrary               
           ?8P                                      

  --- เมนูแบบฝึกหัด: What's the question? ---

  [1] เปิดดูเฉยๆ (Just view)
  [2] Dump ทุกหน้า
  [3] ทำแบบฝึกหัดอัตโนมัติ (Auto Solve)
  [4] ทำแบบฝึกหัดใหม่ต่อเนื่อง (เริ่มรายการแรกและ Continue อัตโนมัติ)
  [0] ย้อนกลับ

  [>] Select: 2026-09-26 20:28:49 - INFO - INPUT: 3

  --- เลือกโหมดการทำ ---
  [1] ทำทุกข้อ (force — ทำแม้ได้ 100 แล้ว)
  [2] ข้ามข้อที่ได้ 100 แล้ว (default)
  [0] ยกเลิก

  [>] เลือกโหมด: 2026-09-26 20:28:50 - INFO - INPUT: 1
  [INFO] เริ่มทำแบบฝึกหัดอัตโนมัติ: What's the question?
2026-09-26 20:28:50 - INFO - INFO: เริ่มทำแบบฝึกหัดอัตโนมัติ: What's the question?
  [INFO] จะไม่ไปข้อถัดไปจนกว่าจะได้คะแนน >= 65
2026-09-26 20:28:50 - INFO - INFO: จะไม่ไปข้อถัดไปจนกว่าจะได้คะแนน >= 65
2026-09-26 20:28:50 - INFO - [EXPAND] No visible 'Show more' button
2026-09-26 20:28:57 - INFO - [CLICK] 'What's the question?' clicked (JS)
2026-09-26 20:29:00 - INFO - [TOTAL] Found 3 pages via .exercises-large-navigation.visible-lg li (attempt 1/4)
  [INFO] พบทั้งหมด 3 หน้า
2026-09-26 20:29:00 - INFO - INFO: พบทั้งหมด 3 หน้า
  [PAGE] หน้า 1/3 | ประเภท: type-answer
2026-09-26 20:29:01 - INFO - PAGE: หน้า 1/3 | ประเภท: type-answer
2026-09-26 20:29:01 - INFO - [FORCE] Page 1: force_solve=True — skipping early-pass check
2026-09-26 20:29:01 - INFO - === Answer Solver ===
    >> Clicked [Correction]
2026-09-26 20:29:02 - INFO - STEP: Clicked [Correction]
    >> Clicked [Solution]
2026-09-26 20:29:04 - INFO - STEP: Clicked [Solution]
    >> Extracted 3 answers: ['Is he eating?', 'Are they going to the movies?', 'Are you laughing at me?']
2026-09-26 20:29:07 - INFO - STEP: Extracted 3 answers: ['Is he eating?', 'Are they going to the movies?', 'Are you laughing at me?']
    >> Clicked [Repeat]
2026-09-26 20:29:07 - INFO - STEP: Clicked [Repeat]
2026-09-26 20:29:11 - INFO - --- Iteration 1/10 | Score: 0 ---
    >> Clicked [Correction]
2026-09-26 20:29:13 - INFO - STEP: Clicked [Correction]
2026-09-26 20:29:16 - INFO - --- Iteration 2/10 | Score: 100 ---
  [>>  ] หน้า 1: สำเร็จ (100) | 14.58s
2026-09-26 20:29:17 - INFO - RESULT: หน้า 1: สำเร็จ (100) | 14.58s
  [PAGE] หน้า 2/3 | ประเภท: type-drag-drop
2026-09-26 20:29:19 - INFO - PAGE: หน้า 2/3 | ประเภท: type-drag-drop
2026-09-26 20:29:19 - INFO - [FORCE] Page 2: force_solve=True — skipping early-pass check
2026-09-26 20:29:19 - INFO - === Drag & Drop Solver Started ===
    >> Clicked [Correction]
2026-09-26 20:29:20 - INFO - STEP: Clicked [Correction]
    >> Clicked [Solution]
2026-09-26 20:29:22 - INFO - STEP: Clicked [Solution]
    >> Clicked [Repeat]
2026-09-26 20:29:24 - INFO - STEP: Clicked [Repeat]
    >> Extracted 4 drag/drop answers
2026-09-26 20:29:26 - INFO - STEP: Extracted 4 drag/drop answers
    >> Placed 4 drag/drop tiles (attempt 1)
2026-09-26 20:29:36 - INFO - STEP: Placed 4 drag/drop tiles (attempt 1)
    >> Clicked [Correction]
2026-09-26 20:29:36 - INFO - STEP: Clicked [Correction]
2026-09-26 20:29:39 - INFO - Drag/drop completed in 20.17s
  [>>  ] หน้า 2: สำเร็จ (100) | 20.17s
2026-09-26 20:29:40 - INFO - RESULT: หน้า 2: สำเร็จ (100) | 20.17s
  [PAGE] หน้า 3/3 | ประเภท: type-multiple-choice
2026-09-26 20:29:43 - INFO - PAGE: หน้า 3/3 | ประเภท: type-multiple-choice
2026-09-26 20:29:43 - INFO - [FORCE] Page 3: force_solve=True — skipping early-pass check
2026-09-26 20:29:43 - INFO - === Multiple Choice Solver ===
    >> Clicked [Correction]
2026-09-26 20:29:43 - INFO - STEP: Clicked [Correction]
    >> Clicked [Solution]
2026-09-26 20:29:46 - INFO - STEP: Clicked [Solution]
    >> Clicked [Repeat]
2026-09-26 20:29:51 - INFO - STEP: Clicked [Repeat]
  [>>  ] หน้า 3: สำเร็จ (67) | 11.24s
2026-09-26 20:29:55 - INFO - RESULT: หน้า 3: สำเร็จ (67) | 11.24s

  ===========================================================================
     >>> สรุปผลการทำแบบฝึกหัด <<<
  ===========================================================================
     รายการแบบฝึกหัด:
  ---------------------------------------------------------------------------
   [[OK]] หน้า 1   |  ผ่าน      |  คะแนน 100/100  |  เวลาที่ใช้ 14.58s
   [[OK]] หน้า 2   |  ผ่าน      |  คะแนน 100/100  |  เวลาที่ใช้ 20.17s
   [[OK]] หน้า 3   |  ผ่าน      |  คะแนน  67/100  |  เวลาที่ใช้ 11.24s
  ---------------------------------------------------------------------------
     ผ่านทั้งหมด : 3
     เวลารวม : 45.99 s
  ===========================================================================
2026-09-26 20:29:56 - INFO - [REPORT] Saved: reports\What_s_the_question_20260926_202956.json
  [INFO] Done.
2026-09-26 20:29:56 - INFO - INFO: Done.
  [ OK ] Completion modal detected (after 0.0s)
2026-09-26 20:29:56 - INFO - OK: Completion modal detected (after 0.0s)

     Speexx Info:
  ---------------------------------------------------------------------------
   คะแนน : 89 / 100
   Level : B1.1
   Progress : 58% Exercises
  ===========================================================================

  --- ต้องการทำอะไรต่อ? ---
  [1] ทำซ้ำ (Repeat)
  [2] เรียนรู้ต่อ (Continue)
  [0] ไม่ทำอะไร (กลับเมนูหลัก)

  [>] เลือก: 2026-09-26 20:30:13 - INFO - INPUT: 1

  --- ต้องการทำอะไรต่อ? ---
  [1] ทำซ้ำ (Repeat)
  [2] เรียนรู้ต่อ (Continue)
  [0] ไม่ทำอะไร (กลับเมนูหลัก)

  [>] เลือก: 2026-09-26 20:30:16 - INFO - INPUT: 0

  --- ขั้นตอนถัดไป ---
  [1] กลับไปหน้ารายการแบบฝึกหัด
  [2] กลับไปเมนูหลัก
  [3] ออกจากโปรแกรม

  [>] Select: 2026-09-26 20:30:17 - INFO - INPUT: 1
  [INFO] Navigating to Results...
2026-09-26 20:30:17 - INFO - INFO: Navigating to Results...
  [ OK ] Results loaded.
2026-09-26 20:30:19 - INFO - OK: Results loaded.
                
   .d888b,?88,.d88b, d8888b d8888b?88,  88P?88,  88P
   ?8b,   `?88'  ?88d8b_,dPd8b_,dP `?8bd8P' `?8bd8P'
     `?8b   88b  d8P88b    88b     d8P?8b,  d8P?8b, 
  `?888P'   888888P'`?888P'`?888P'd8P' `?8bd8P' `?8b
            88P'                                    
           d88                      Make by Zentrary               
           ?8P                                      

  --- รายการแบบฝึกหัด ---

2026-09-26 20:30:20 - INFO - [EXPAND] No visible 'Show more' button
  No.  | หัวข้อ                           | วันที่       | เวลารวม  | คะแนน  | ทบทวน
  -----------------------------------------------------------------------------------------------
  [1  ]| The burglary                     | 26/09/2026   |          |        | _         
  [2  ]| Street musicians                 | 26/09/2026   | 4 min    |        | _         
  [3  ]| He had waited a long time        | 26/09/2026   |          | 100    | _         
  [4  ]| Absolutely perfect               | 26/09/2026   |          | 100    | _         
  [5  ]| A musical genius                 | 26/09/2026   |          | 100    | _         
  [6  ]| Back to the future               | 26/09/2026   | 3 min    |        | _         
  [7  ]| Tell me everything               | 26/09/2026   | 4 min    | 100    | _         
  [8  ]| What does the future hold?       | 26/09/2026   |          | 100    | _         
  [9  ]| I have been running              | 26/09/2026   | 1 min    | 100    | _         
  [10 ]| I'm leaving tomorrow             | 26/09/2026   | 2 min    |        | _         
  [11 ]| At the truck stop                | 26/09/2026   | 1 min    | 100    | _         
  [12 ]| Scheduled events                 | 26/09/2026   | 3 min    | 97     | _         
  [13 ]| On the road                      | 26/09/2026   | 1 min    | 100    | _         
  [14 ]| We're going to take a tour       | 26/09/2026   | 3 min    |        | _         
  [15 ]| What are your plans?             | 26/09/2026   | 3 min    | 100    | _         
  [16 ]| The big trip                     | 26/09/2026   |          | 100    | _         
  [17 ]| Around the world                 | 26/09/2026   | 2 min    | 100    | _         
  [18 ]| The weather will be great        | 26/09/2026   | 21 min   |        | _         
  [19 ]| Hopes and promises               | 26/09/2026   | 2 min    | 100    | _         
  [20 ]| It'll be fine                    | 26/09/2026   | 4 min    | 100    | _         
  [21 ]| A wedding                        | 26/09/2026   | 1 min    | 100    | _         
  [22 ]| A thing of the past              | 25/09/2026   | 10 min   |        | _         
  [23 ]| When she heard a noise           | 25/09/2026   |          | 100    | _         
  [24 ]| When I walked into the room      | 25/09/2026   |          | 100    | _         
  [25 ]| What are they doing?             | 25/09/2026   | 2 min    | 100    | _         
  [26 ]| When can we meet?                | 25/09/2026   | 12 min   |        | _         
  [27 ]| The date                         | 25/09/2026   | 2 min    | 100    | _         
  [28 ]| The time                         | 24/09/2026   | 2 min    | 100    | _         
  [29 ]| The appointment                  | 24/09/2026   | 3 min    | 100    | _         
  [30 ]| Have you been working out?       | 24/09/2026   | 32 min   |        | _         
  [31 ]| Breaking old habits              | 24/09/2026   | 5 min    | 100    | _         
  [32 ]| Wellness in the workplace        | 24/09/2026   | 2 min    | 100    | _         
  [33 ]| Fitness and health               | 24/09/2026   | 2 min    | 100    | _         
  [34 ]| A healthy lifestyle              | 24/09/2026   | 17 min   |        | _         
  [35 ]| Oh, it's very important!         | 23/09/2026   | 1 min    | 100    | _         
  [36 ]| I used to be so unhealthy        | 23/09/2026   | 8 min    | 100    | _         
  [37 ]| Are you healthy?                 | 23/09/2026   | 27 min   | 100    | _         
  [38 ]| How do you feel?                 | 23/09/2026   | 18 min   |        | _         
  [39 ]| Question words                   | 23/09/2026   | 6 min    | 100    | _         
  [40 ]| Take care                        | 23/09/2026   | 1 h  33 m| 100    | _         
  [41 ]| My body                          | 23/09/2026   | 10 min   | 100    | _         
  [42 ]| That hurts!                      | 23/09/2026   | 11 min   |        | _         
  [43 ]| Ouch!                            | 23/09/2026   | 3 min    | 100    | _         
  [44 ]| What happened?                   | 22/09/2026   | 1 min    | 100    | _         
  [45 ]| A little accident                | 22/09/2026   | 2 min    | 100    | _         
  [46 ]| I was waiting                    | 22/09/2026   | 51 min   |        | _         
  [47 ]| Claudia's audition               | 22/09/2026   | 2 min    | 100    | _         
  [48 ]| Some kind of past                | 22/09/2026   | 19 min   | 100    | _         
  [49 ]| The interview                    | 22/09/2026   | 4 min    | 100    | _         
  [50 ]| What's going on?                 | 22/09/2026   | 26 min   |        | _         
  [51 ]| What's the question?             | 21/09/2026   | 5 min    | 100    | _         
  [52 ]| What's going on in Hollywood?    | 21/09/2026   | 10 min   | 100    | _         
  [53 ]| Show business                    | 20/09/2026   | 4 min    | 100    | _         
  [54 ]| What are you doing?              | 20/09/2026   | 48 min   |        | _         
  [55 ]| We're going out tonight          | 16/09/2026   | 37 min   | 100    | _         
  [56 ]| I eat or I am eating?            | 16/09/2026   | 34 min   | 100    | _         
  [57 ]| He's eating                      | 14/09/2026   | 26 min   | 100    | _         
  -----------------------------------------------------------------------------------------------

  [0] ย้อนกลับ

  [>] เลือกแบบฝึกหัด (เช่น 1, 1-5, 1,3,5, all): 2026-09-26 20:31:05 - INFO - INPUT: 1
                
   .d888b,?88,.d88b, d8888b d8888b?88,  88P?88,  88P
   ?8b,   `?88'  ?88d8b_,dPd8b_,dP `?8bd8P' `?8bd8P'
     `?8b   88b  d8P88b    88b     d8P?8b,  d8P?8b, 
  `?888P'   888888P'`?888P'`?888P'd8P' `?8bd8P' `?8b
            88P'                                    
           d88                      Make by Zentrary               
           ?8P                                      

  --- เมนูแบบฝึกหัด: The burglary ---

  [1] เปิดดูเฉยๆ (Just view)
  [2] Dump ทุกหน้า
  [3] ทำแบบฝึกหัดอัตโนมัติ (Auto Solve)
  [4] ทำแบบฝึกหัดใหม่ต่อเนื่อง (เริ่มรายการแรกและ Continue อัตโนมัติ)
  [0] ย้อนกลับ

  [>] Select: 2026-09-26 20:31:07 - INFO - INPUT: 4

  --- ทำแบบฝึกหัดใหม่ต่อเนื่อง (เริ่มรายการแรกและ Continue อัตโนมัติ) ---
  เริ่มจาก: The burglary

  --- เลือกโหมดการทำ ---
  [1] ทำทุกข้อ (force — ทำแม้ได้ 100 แล้ว)
  [2] ข้ามข้อที่ได้ 100 แล้ว (default)
  [0] ยกเลิก

  [>] เลือกโหมด: 2026-09-26 20:31:08 - INFO - INPUT: 1

  [>] เริ่มทำและ Continue อัตโนมัติ? (Enter=yes / 0=ยกเลิก): 2026-09-26 20:31:09 - INFO - INPUT: 
  [INFO] เริ่มทำแบบฝึกหัดอัตโนมัติ: The burglary
2026-09-26 20:31:09 - INFO - INFO: เริ่มทำแบบฝึกหัดอัตโนมัติ: The burglary
  [INFO] จะไม่ไปข้อถัดไปจนกว่าจะได้คะแนน >= 65
2026-09-26 20:31:09 - INFO - INFO: จะไม่ไปข้อถัดไปจนกว่าจะได้คะแนน >= 65
2026-09-26 20:31:09 - INFO - [EXPAND] No visible 'Show more' button
2026-09-26 20:31:11 - INFO - [CLICK] 'The burglary' clicked (normal)
2026-09-26 20:31:12 - INFO - [TOTAL] Found 4 pages via .exercises-large-navigation.visible-lg li (attempt 1/4)
  [INFO] พบทั้งหมด 4 หน้า
2026-09-26 20:31:12 - INFO - INFO: พบทั้งหมด 4 หน้า
  [PAGE] หน้า 1/4 | ประเภท: type-drag-drop-table
2026-09-26 20:31:14 - INFO - PAGE: หน้า 1/4 | ประเภท: type-drag-drop-table
2026-09-26 20:31:14 - INFO - [FORCE] Page 1: force_solve=True — skipping early-pass check
2026-09-26 20:31:14 - INFO - === Drag & Drop Solver Started ===
    >> Clicked [Correction]
2026-09-26 20:31:14 - INFO - STEP: Clicked [Correction]
    >> Clicked [Solution]
2026-09-26 20:31:16 - INFO - STEP: Clicked [Solution]
    >> Clicked [Repeat]
2026-09-26 20:31:19 - INFO - STEP: Clicked [Repeat]
    >> Extracted 4 drag/drop answers
2026-09-26 20:31:21 - INFO - STEP: Extracted 4 drag/drop answers
    >> Placed 4 drag/drop tiles (attempt 1)
2026-09-26 20:31:31 - INFO - STEP: Placed 4 drag/drop tiles (attempt 1)
    >> Clicked [Correction]
2026-09-26 20:31:31 - INFO - STEP: Clicked [Correction]
2026-09-26 20:31:34 - INFO - Drag/drop completed in 20.63s
  [>>  ] หน้า 1: สำเร็จ (100) | 20.63s
2026-09-26 20:31:35 - INFO - RESULT: หน้า 1: สำเร็จ (100) | 20.63s
  [PAGE] หน้า 2/4 | ประเภท: type-toggle-solution
2026-09-26 20:31:38 - INFO - PAGE: หน้า 2/4 | ประเภท: type-toggle-solution
2026-09-26 20:31:38 - INFO - [FORCE] Page 2: force_solve=True — skipping early-pass check
2026-09-26 20:31:38 - INFO - === Toggle Solution Solver ===
    >> Clicked [Correction]
2026-09-26 20:31:38 - INFO - STEP: Clicked [Correction]
    >> Clicked [Solution]
2026-09-26 20:31:41 - INFO - STEP: Clicked [Solution]
    >> Clicked [Repeat]
2026-09-26 20:31:44 - INFO - STEP: Clicked [Repeat]
    >> Clicked [Correction]
2026-09-26 20:31:50 - INFO - STEP: Clicked [Correction]
  [>>  ] หน้า 2: สำเร็จ (100) | 15.71s
2026-09-26 20:31:54 - INFO - RESULT: หน้า 2: สำเร็จ (100) | 15.71s
  [PAGE] หน้า 3/4 | ประเภท: type-single-choice
2026-09-26 20:31:57 - INFO - PAGE: หน้า 3/4 | ประเภท: type-single-choice
2026-09-26 20:31:57 - INFO - [FORCE] Page 3: force_solve=True — skipping early-pass check
2026-09-26 20:31:57 - INFO - === Single Choice Solver ===
    >> Clicked [Correction]
2026-09-26 20:31:58 - INFO - STEP: Clicked [Correction]
    >> Clicked [Solution]
2026-09-26 20:32:00 - INFO - STEP: Clicked [Solution]
    >> Detected correct per item: [0, 1, 1, 0, 1]
2026-09-26 20:32:03 - INFO - STEP: Detected correct per item: [0, 1, 1, 0, 1]
    >> Clicked [Repeat]
2026-09-26 20:32:04 - INFO - STEP: Clicked [Repeat]
2026-09-26 20:32:07 - INFO - --- Iteration 1/8 | Score: 0 ---
    >> Clicked [Correction]
2026-09-26 20:32:08 - INFO - STEP: Clicked [Correction]
2026-09-26 20:32:11 - INFO - --- Iteration 2/8 | Score: 100 ---
  [>>  ] หน้า 3: สำเร็จ (100) | 14.47s
2026-09-26 20:32:12 - INFO - RESULT: หน้า 3: สำเร็จ (100) | 14.47s
  [PAGE] หน้า 4/4 | ประเภท: type-scrambled-table
2026-09-26 20:32:15 - INFO - PAGE: หน้า 4/4 | ประเภท: type-scrambled-table
2026-09-26 20:32:15 - INFO - [FORCE] Page 4: force_solve=True — skipping early-pass check
2026-09-26 20:32:15 - INFO - === Scrambled Table Solver ===
    >> Clicked [Correction]
2026-09-26 20:32:15 - INFO - STEP: Clicked [Correction]
    >> Clicked [Solution]
2026-09-26 20:32:18 - INFO - STEP: Clicked [Solution]
    >> Extracted 5 items
2026-09-26 20:32:21 - INFO - STEP: Extracted 5 items
2026-09-26 20:32:21 - INFO -   item[0] = to murder someone
2026-09-26 20:32:21 - INFO -   item[1] = to shoplift
2026-09-26 20:32:21 - INFO -   item[2] = thief
2026-09-26 20:32:21 - INFO -   item[3] = to commit a crime
2026-09-26 20:32:21 - INFO -   item[4] = police officer
    >> Clicked [Repeat]
2026-09-26 20:32:21 - INFO - STEP: Clicked [Repeat]
2026-09-26 20:32:26 - INFO - --- Iteration 1/15 | Score: 40 ---
    >> Clicked [Correction]
2026-09-26 20:32:36 - INFO - STEP: Clicked [Correction]
2026-09-26 20:32:39 - INFO - --- Iteration 2/15 | Score: 100 ---
2026-09-26 20:32:39 - INFO - SUCCESS! Time: 24.27s
  [>>  ] หน้า 4: สำเร็จ (100) | 24.27s
2026-09-26 20:32:40 - INFO - RESULT: หน้า 4: สำเร็จ (100) | 24.27s

  ===========================================================================
     >>> สรุปผลการทำแบบฝึกหัด <<<
  ===========================================================================
     รายการแบบฝึกหัด:
  ---------------------------------------------------------------------------
   [[OK]] หน้า 1   |  ผ่าน      |  คะแนน 100/100  |  เวลาที่ใช้ 20.63s
   [[OK]] หน้า 2   |  ผ่าน      |  คะแนน 100/100  |  เวลาที่ใช้ 15.71s
   [[OK]] หน้า 3   |  ผ่าน      |  คะแนน 100/100  |  เวลาที่ใช้ 14.47s
   [[OK]] หน้า 4   |  ผ่าน      |  คะแนน 100/100  |  เวลาที่ใช้ 24.27s
  ---------------------------------------------------------------------------
     ผ่านทั้งหมด : 4
     เวลารวม : 75.08 s
  ===========================================================================
2026-09-26 20:32:41 - INFO - [REPORT] Saved: reports\The_burglary_20260926_203241.json
  [INFO] Done.
2026-09-26 20:32:41 - INFO - INFO: Done.
  [ OK ] Completion modal detected (after 0.0s)
2026-09-26 20:32:41 - INFO - OK: Completion modal detected (after 0.0s)
  [ OK ] Clicked [เรียนรู้ต่อ (Continue)]
2026-09-26 20:32:41 - INFO - OK: Clicked [เรียนรู้ต่อ (Continue)]
  [ OK ] Moving on (Continue)...
2026-09-26 20:32:42 - INFO - OK: Moving on (Continue)...
2026-09-26 20:32:45 - INFO - [TOTAL] Found 4 pages via .exercises-large-navigation.visible-lg li (attempt 1/2)
  [ OK ] New exercise loaded: When we got there (4 pages)
2026-09-26 20:32:45 - INFO - OK: New exercise loaded: When we got there (4 pages)
  [INFO] พบทั้งหมด 4 หน้า
2026-09-26 20:32:45 - INFO - INFO: พบทั้งหมด 4 หน้า
  [PAGE] หน้า 1/4 | ประเภท: type-single-choice
2026-09-26 20:32:46 - INFO - PAGE: หน้า 1/4 | ประเภท: type-single-choice
2026-09-26 20:32:46 - INFO - [FORCE] Page 1: force_solve=True — skipping early-pass check
2026-09-26 20:32:46 - INFO - === Single Choice Solver ===
    >> Clicked [Correction]
2026-09-26 20:32:47 - INFO - STEP: Clicked [Correction]
    >> Clicked [Solution]
2026-09-26 20:32:49 - INFO - STEP: Clicked [Solution]
    >> Detected correct per item: [0, 1, 0, 0]
2026-09-26 20:32:52 - INFO - STEP: Detected correct per item: [0, 1, 0, 0]
    >> Clicked [Repeat]
2026-09-26 20:32:53 - INFO - STEP: Clicked [Repeat]
2026-09-26 20:32:56 - INFO - --- Iteration 1/8 | Score: 0 ---
    >> Clicked [Correction]
2026-09-26 20:32:57 - INFO - STEP: Clicked [Correction]
2026-09-26 20:33:01 - INFO - --- Iteration 2/8 | Score: 100 ---
  [>>  ] หน้า 1: สำเร็จ (100) | 14.48s
2026-09-26 20:33:01 - INFO - RESULT: หน้า 1: สำเร็จ (100) | 14.48s
  [PAGE] หน้า 2/4 | ประเภท: type-drag-drop-table
2026-09-26 20:33:04 - INFO - PAGE: หน้า 2/4 | ประเภท: type-drag-drop-table
2026-09-26 20:33:04 - INFO - [FORCE] Page 2: force_solve=True — skipping early-pass check
2026-09-26 20:33:04 - INFO - === Drag & Drop Solver Started ===
    >> Clicked [Correction]
2026-09-26 20:33:05 - INFO - STEP: Clicked [Correction]
    >> Clicked [Solution]
2026-09-26 20:33:07 - INFO - STEP: Clicked [Solution]
    >> Clicked [Repeat]
2026-09-26 20:33:09 - INFO - STEP: Clicked [Repeat]
    >> Extracted 10 drag/drop answers
2026-09-26 20:33:11 - INFO - STEP: Extracted 10 drag/drop answers
    >> Placed 10 drag/drop tiles (attempt 1)
2026-09-26 20:33:40 - INFO - STEP: Placed 10 drag/drop tiles (attempt 1)
    >> Clicked [Correction]
2026-09-26 20:33:40 - INFO - STEP: Clicked [Correction]
2026-09-26 20:33:43 - INFO - Drag/drop completed in 38.94s
  [>>  ] หน้า 2: สำเร็จ (100) | 38.94s
2026-09-26 20:33:44 - INFO - RESULT: หน้า 2: สำเร็จ (100) | 38.94s
  [PAGE] หน้า 3/4 | ประเภท: type-answer
2026-09-26 20:33:46 - INFO - PAGE: หน้า 3/4 | ประเภท: type-answer
2026-09-26 20:33:46 - INFO - [FORCE] Page 3: force_solve=True — skipping early-pass check
2026-09-26 20:33:46 - INFO - === Answer Solver ===
    >> Clicked [Correction]
2026-09-26 20:33:47 - INFO - STEP: Clicked [Correction]
    >> Clicked [Solution]
2026-09-26 20:33:49 - INFO - STEP: Clicked [Solution]
    >> Extracted 3 answers: ['had been hiding', 'had been traveling', 'had been translating']
2026-09-26 20:33:52 - INFO - STEP: Extracted 3 answers: ['had been hiding', 'had been traveling', 'had been translating']
    >> Clicked [Repeat]
2026-09-26 20:33:53 - INFO - STEP: Clicked [Repeat]
2026-09-26 20:33:56 - INFO - --- Iteration 1/10 | Score: 0 ---
    >> Clicked [Correction]
2026-09-26 20:33:58 - INFO - STEP: Clicked [Correction]
2026-09-26 20:34:01 - INFO - --- Iteration 2/10 | Score: 100 ---
  [>>  ] หน้า 3: สำเร็จ (100) | 14.67s
2026-09-26 20:34:02 - INFO - RESULT: หน้า 3: สำเร็จ (100) | 14.67s
  [PAGE] หน้า 4/4 | ประเภท: type-answer
2026-09-26 20:34:04 - INFO - PAGE: หน้า 4/4 | ประเภท: type-answer
2026-09-26 20:34:04 - INFO - [FORCE] Page 4: force_solve=True — skipping early-pass check
2026-09-26 20:34:04 - INFO - === Answer Solver ===
    >> Clicked [Correction]
2026-09-26 20:34:05 - INFO - STEP: Clicked [Correction]
    >> Clicked [Solution]
2026-09-26 20:34:08 - INFO - STEP: Clicked [Solution]
    >> Extracted 6 answers: ['had been waiting', 'had been raining', 'had been thinking', 'had been eating', 'had been waiting', 'had been playing']
2026-09-26 20:34:11 - INFO - STEP: Extracted 6 answers: ['had been waiting', 'had been raining', 'had been thinking', 'had been eating', 'had been waiting', 'had been playing']
    >> Clicked [Repeat]
2026-09-26 20:34:11 - INFO - STEP: Clicked [Repeat]
2026-09-26 20:34:15 - INFO - --- Iteration 1/10 | Score: 0 ---
    >> Clicked [Correction]
2026-09-26 20:34:16 - INFO - STEP: Clicked [Correction]
2026-09-26 20:34:20 - INFO - --- Iteration 2/10 | Score: 100 ---
  [>>  ] หน้า 4: สำเร็จ (100) | 15.30s
2026-09-26 20:34:21 - INFO - RESULT: หน้า 4: สำเร็จ (100) | 15.30s

  ===========================================================================
     >>> สรุปผลการทำแบบฝึกหัด <<<
  ===========================================================================
     รายการแบบฝึกหัด:
  ---------------------------------------------------------------------------
   [[OK]] หน้า 1   |  ผ่าน      |  คะแนน 100/100  |  เวลาที่ใช้ 14.48s
   [[OK]] หน้า 2   |  ผ่าน      |  คะแนน 100/100  |  เวลาที่ใช้ 38.94s
   [[OK]] หน้า 3   |  ผ่าน      |  คะแนน 100/100  |  เวลาที่ใช้ 14.67s
   [[OK]] หน้า 4   |  ผ่าน      |  คะแนน 100/100  |  เวลาที่ใช้ 15.30s
  ---------------------------------------------------------------------------
     ผ่านทั้งหมด : 4
     เวลารวม : 83.39 s
  ===========================================================================
2026-09-26 20:34:22 - INFO - [REPORT] Saved: reports\When_we_got_there_20260926_203422.json
  [INFO] Done.
2026-09-26 20:34:22 - INFO - INFO: Done.
  [ OK ] Completion modal detected (after 0.0s)
2026-09-26 20:34:22 - INFO - OK: Completion modal detected (after 0.0s)
  [ OK ] Clicked [เรียนรู้ต่อ (Continue)]
2026-09-26 20:34:22 - INFO - OK: Clicked [เรียนรู้ต่อ (Continue)]
  [ OK ] Moving on (Continue)...
2026-09-26 20:34:23 - INFO - OK: Moving on (Continue)...
2026-09-26 20:34:25 - INFO - [TOTAL] Found 3 pages via .exercises-large-navigation.visible-lg li (attempt 1/2)
  [ OK ] New exercise loaded: They had been waiting (3 pages)
2026-09-26 20:34:25 - INFO - OK: New exercise loaded: They had been waiting (3 pages)
  [INFO] พบทั้งหมด 3 หน้า
2026-09-26 20:34:25 - INFO - INFO: พบทั้งหมด 3 หน้า
  [PAGE] หน้า 1/3 | ประเภท: type-answer
2026-09-26 20:34:27 - INFO - PAGE: หน้า 1/3 | ประเภท: type-answer
2026-09-26 20:34:27 - INFO - [FORCE] Page 1: force_solve=True — skipping early-pass check
2026-09-26 20:34:27 - INFO - === Answer Solver ===
    >> Clicked [Correction]
2026-09-26 20:34:28 - INFO - STEP: Clicked [Correction]
    >> Clicked [Solution]
2026-09-26 20:34:30 - INFO - STEP: Clicked [Solution]
    >> Extracted 12 answers: ['arrived', 'had been waiting', 'had been selling', 'had been standing', 'walked', 'had been hoping', 'arrived', 'had been watching', 'heard', 'had been trying', 'told', 'were']
2026-09-26 20:34:33 - INFO - STEP: Extracted 12 answers: ['arrived', 'had been waiting', 'had been selling', 'had been standing', 'walked', 'had been hoping', 'arrived', 'had been watching', 'heard', 'had been trying', 'told', 'were']
    >> Clicked [Repeat]
2026-09-26 20:34:33 - INFO - STEP: Clicked [Repeat]
2026-09-26 20:34:37 - INFO - --- Iteration 1/10 | Score: 0 ---
    >> Clicked [Correction]
2026-09-26 20:34:39 - INFO - STEP: Clicked [Correction]
2026-09-26 20:34:43 - INFO - --- Iteration 2/10 | Score: 100 ---
  [>>  ] หน้า 1: สำเร็จ (100) | 15.82s
2026-09-26 20:34:44 - INFO - RESULT: หน้า 1: สำเร็จ (100) | 15.82s
  [PAGE] หน้า 2/3 | ประเภท: type-answer
2026-09-26 20:34:46 - INFO - PAGE: หน้า 2/3 | ประเภท: type-answer
2026-09-26 20:34:46 - INFO - [FORCE] Page 2: force_solve=True — skipping early-pass check
2026-09-26 20:34:46 - INFO - === Answer Solver ===
    >> Clicked [Correction]
2026-09-26 20:34:47 - INFO - STEP: Clicked [Correction]
    >> Clicked [Solution]
2026-09-26 20:34:49 - INFO - STEP: Clicked [Solution]
    >> Extracted 6 answers: ['had been waiting', 'had been standing', 'had been playing', 'had been sitting', 'had been drinking', 'had been talking']
2026-09-26 20:34:52 - INFO - STEP: Extracted 6 answers: ['had been waiting', 'had been standing', 'had been playing', 'had been sitting', 'had been drinking', 'had been talking']
    >> Clicked [Repeat]
2026-09-26 20:34:52 - INFO - STEP: Clicked [Repeat]
2026-09-26 20:34:56 - INFO - --- Iteration 1/10 | Score: 0 ---
    >> Clicked [Correction]
2026-09-26 20:34:58 - INFO - STEP: Clicked [Correction]
2026-09-26 20:35:01 - INFO - --- Iteration 2/10 | Score: 100 ---
  [>>  ] หน้า 2: สำเร็จ (100) | 14.96s
2026-09-26 20:35:02 - INFO - RESULT: หน้า 2: สำเร็จ (100) | 14.96s
  [PAGE] หน้า 3/3 | ประเภท: type-answer
2026-09-26 20:35:04 - INFO - PAGE: หน้า 3/3 | ประเภท: type-answer
2026-09-26 20:35:04 - INFO - [FORCE] Page 3: force_solve=True — skipping early-pass check
2026-09-26 20:35:04 - INFO - === Answer Solver ===
    >> Clicked [Correction]
2026-09-26 20:35:05 - INFO - STEP: Clicked [Correction]
    >> Clicked [Solution]
2026-09-26 20:35:08 - INFO - STEP: Clicked [Solution]
    >> Extracted 5 answers: ['had been working', 'had been drifting', 'had been malfunctioning', 'had been waiting', 'had been walking']
2026-09-26 20:35:11 - INFO - STEP: Extracted 5 answers: ['had been working', 'had been drifting', 'had been malfunctioning', 'had been waiting', 'had been walking']
    >> Clicked [Repeat]
2026-09-26 20:35:11 - INFO - STEP: Clicked [Repeat]
2026-09-26 20:35:14 - INFO - --- Iteration 1/10 | Score: 0 ---
    >> Clicked [Correction]
2026-09-26 20:35:16 - INFO - STEP: Clicked [Correction]
2026-09-26 20:35:19 - INFO - --- Iteration 2/10 | Score: 100 ---
  [>>  ] หน้า 3: สำเร็จ (100) | 14.89s
2026-09-26 20:35:20 - INFO - RESULT: หน้า 3: สำเร็จ (100) | 14.89s

  ===========================================================================
     >>> สรุปผลการทำแบบฝึกหัด <<<
  ===========================================================================
     รายการแบบฝึกหัด:
  ---------------------------------------------------------------------------
   [[OK]] หน้า 1   |  ผ่าน      |  คะแนน 100/100  |  เวลาที่ใช้ 15.82s
   [[OK]] หน้า 2   |  ผ่าน      |  คะแนน 100/100  |  เวลาที่ใช้ 14.96s
   [[OK]] หน้า 3   |  ผ่าน      |  คะแนน 100/100  |  เวลาที่ใช้ 14.89s
  ---------------------------------------------------------------------------
     ผ่านทั้งหมด : 3
     เวลารวม : 45.67 s
  ===========================================================================
2026-09-26 20:35:21 - INFO - [REPORT] Saved: reports\They_had_been_waiting_20260926_203521.json
  [INFO] Done.
2026-09-26 20:35:21 - INFO - INFO: Done.
  [ OK ] Completion modal detected (after 0.0s)
2026-09-26 20:35:21 - INFO - OK: Completion modal detected (after 0.0s)
  [ OK ] Clicked [เรียนรู้ต่อ (Continue)]
2026-09-26 20:35:21 - INFO - OK: Clicked [เรียนรู้ต่อ (Continue)]
  [ OK ] Moving on (Continue)...
2026-09-26 20:35:23 - INFO - OK: Moving on (Continue)...
2026-09-26 20:35:25 - INFO - [TOTAL] Found 10 pages via .exercises-large-navigation.visible-lg li (attempt 1/2)
  [ OK ] New exercise loaded: When the police arrived (10 pages)
2026-09-26 20:35:25 - INFO - OK: New exercise loaded: When the police arrived (10 pages)
  [INFO] พบทั้งหมด 10 หน้า
2026-09-26 20:35:25 - INFO - INFO: พบทั้งหมด 10 หน้า
  [PAGE] หน้า 1/10 | ประเภท: type-single-item-pronunciation
2026-09-26 20:35:26 - INFO - PAGE: หน้า 1/10 | ประเภท: type-single-item-pronunciation
2026-09-26 20:35:26 - INFO - [FORCE] Page 1: force_solve=True — skipping early-pass check
2026-09-26 20:35:26 - INFO - === Pronunciation Solver ===
    >> Recording item 1...
2026-09-26 20:35:27 - INFO - STEP: Recording item 1...
    >> Mic started
2026-09-26 20:35:28 - INFO - STEP: Mic started
    >> Recording duration: 4.9s
2026-09-26 20:35:29 - INFO - STEP: Recording duration: 4.9s
    >> Mic stopped
2026-09-26 20:35:34 - INFO - STEP: Mic stopped
    >> Checking pronunciation batch...
2026-09-26 20:35:34 - INFO - STEP: Checking pronunciation batch...
    >> Clicked [Correction]
2026-09-26 20:35:35 - INFO - STEP: Clicked [Correction]
    >> Result: 92/100 | Failed items: 0 | Unscored: 0
2026-09-26 20:35:39 - INFO - STEP: Result: 92/100 | Failed items: 0 | Unscored: 0
2026-09-26 20:35:39 - INFO - Pronunciation SUCCESS! Time: 12.44s | Score: 92
  [>>  ] หน้า 1: สำเร็จ (92) | 12.44s
2026-09-26 20:35:40 - INFO - RESULT: หน้า 1: สำเร็จ (92) | 12.44s
  [PAGE] หน้า 2/10 | ประเภท: type-single-item-pronunciation
2026-09-26 20:35:42 - INFO - PAGE: หน้า 2/10 | ประเภท: type-single-item-pronunciation
2026-09-26 20:35:42 - INFO - [FORCE] Page 2: force_solve=True — skipping early-pass check
2026-09-26 20:35:42 - INFO - === Pronunciation Solver ===
    >> Recording item 1...
2026-09-26 20:35:43 - INFO - STEP: Recording item 1...
    >> Mic started
2026-09-26 20:35:44 - INFO - STEP: Mic started
    >> Recording duration: 5.1s
2026-09-26 20:35:44 - INFO - STEP: Recording duration: 5.1s
    >> Mic stopped
2026-09-26 20:35:49 - INFO - STEP: Mic stopped
    >> Checking pronunciation batch...
2026-09-26 20:35:50 - INFO - STEP: Checking pronunciation batch...
    >> Clicked [Correction]
2026-09-26 20:35:50 - INFO - STEP: Clicked [Correction]
    >> Result: 90/100 | Failed items: 0 | Unscored: 0
2026-09-26 20:35:54 - INFO - STEP: Result: 90/100 | Failed items: 0 | Unscored: 0
2026-09-26 20:35:54 - INFO - Pronunciation SUCCESS! Time: 11.97s | Score: 90
  [>>  ] หน้า 2: สำเร็จ (90) | 11.97s
2026-09-26 20:35:55 - INFO - RESULT: หน้า 2: สำเร็จ (90) | 11.97s
  [PAGE] หน้า 3/10 | ประเภท: type-single-item-pronunciation
2026-09-26 20:35:58 - INFO - PAGE: หน้า 3/10 | ประเภท: type-single-item-pronunciation
2026-09-26 20:35:58 - INFO - [FORCE] Page 3: force_solve=True — skipping early-pass check
2026-09-26 20:35:58 - INFO - === Pronunciation Solver ===
    >> Recording item 1...
2026-09-26 20:35:58 - INFO - STEP: Recording item 1...
    >> Mic started
2026-09-26 20:35:59 - INFO - STEP: Mic started
    >> Recording duration: 6.3s
2026-09-26 20:36:00 - INFO - STEP: Recording duration: 6.3s
    >> Mic stopped
2026-09-26 20:36:06 - INFO - STEP: Mic stopped
    >> Checking pronunciation batch...
2026-09-26 20:36:06 - INFO - STEP: Checking pronunciation batch...
    >> Clicked [Correction]
2026-09-26 20:36:07 - INFO - STEP: Clicked [Correction]
    >> Result: 90/100 | Failed items: 0 | Unscored: 0
2026-09-26 20:36:11 - INFO - STEP: Result: 90/100 | Failed items: 0 | Unscored: 0
2026-09-26 20:36:11 - INFO - Pronunciation SUCCESS! Time: 13.14s | Score: 90
  [>>  ] หน้า 3: สำเร็จ (90) | 13.14s
2026-09-26 20:36:12 - INFO - RESULT: หน้า 3: สำเร็จ (90) | 13.14s
  [PAGE] หน้า 4/10 | ประเภท: type-single-item-pronunciation
2026-09-26 20:36:14 - INFO - PAGE: หน้า 4/10 | ประเภท: type-single-item-pronunciation
2026-09-26 20:36:14 - INFO - [FORCE] Page 4: force_solve=True — skipping early-pass check
2026-09-26 20:36:14 - INFO - === Pronunciation Solver ===
    >> Recording item 1...
2026-09-26 20:36:15 - INFO - STEP: Recording item 1...
    >> Mic started
2026-09-26 20:36:16 - INFO - STEP: Mic started
    >> Recording duration: 6.5s
2026-09-26 20:36:16 - INFO - STEP: Recording duration: 6.5s
    >> Mic stopped
2026-09-26 20:36:23 - INFO - STEP: Mic stopped
    >> Checking pronunciation batch...
2026-09-26 20:36:23 - INFO - STEP: Checking pronunciation batch...
    >> Clicked [Correction]
2026-09-26 20:36:23 - INFO - STEP: Clicked [Correction]
    >> Result: 86/100 | Failed items: 0 | Unscored: 0
2026-09-26 20:36:28 - INFO - STEP: Result: 86/100 | Failed items: 0 | Unscored: 0
2026-09-26 20:36:28 - INFO - Pronunciation SUCCESS! Time: 13.33s | Score: 86
  [>>  ] หน้า 4: สำเร็จ (86) | 13.33s
2026-09-26 20:36:28 - INFO - RESULT: หน้า 4: สำเร็จ (86) | 13.33s
  [PAGE] หน้า 5/10 | ประเภท: type-single-item-pronunciation
2026-09-26 20:36:31 - INFO - PAGE: หน้า 5/10 | ประเภท: type-single-item-pronunciation
2026-09-26 20:36:31 - INFO - [FORCE] Page 5: force_solve=True — skipping early-pass check
2026-09-26 20:36:31 - INFO - === Pronunciation Solver ===
    >> Recording item 1...
2026-09-26 20:36:32 - INFO - STEP: Recording item 1...
    >> Mic started
2026-09-26 20:36:33 - INFO - STEP: Mic started
    >> Recording duration: 5.3s
2026-09-26 20:36:33 - INFO - STEP: Recording duration: 5.3s
    >> Mic stopped
2026-09-26 20:36:39 - INFO - STEP: Mic stopped
    >> Checking pronunciation batch...
2026-09-26 20:36:39 - INFO - STEP: Checking pronunciation batch...
    >> Clicked [Correction]
2026-09-26 20:36:39 - INFO - STEP: Clicked [Correction]
    >> Result: 95/100 | Failed items: 0 | Unscored: 0
2026-09-26 20:36:44 - INFO - STEP: Result: 95/100 | Failed items: 0 | Unscored: 0
2026-09-26 20:36:44 - INFO - Pronunciation SUCCESS! Time: 12.60s | Score: 95
  [>>  ] หน้า 5: สำเร็จ (95) | 12.60s
2026-09-26 20:36:44 - INFO - RESULT: หน้า 5: สำเร็จ (95) | 12.60s
  [PAGE] หน้า 6/10 | ประเภท: type-single-item-pronunciation
2026-09-26 20:36:47 - INFO - PAGE: หน้า 6/10 | ประเภท: type-single-item-pronunciation
2026-09-26 20:36:47 - INFO - [FORCE] Page 6: force_solve=True — skipping early-pass check
2026-09-26 20:36:47 - INFO - === Pronunciation Solver ===
    >> Recording item 1...
2026-09-26 20:36:48 - INFO - STEP: Recording item 1...
    >> Mic started
2026-09-26 20:36:49 - INFO - STEP: Mic started
    >> Recording duration: 5.4s
2026-09-26 20:36:49 - INFO - STEP: Recording duration: 5.4s
    >> Mic stopped
2026-09-26 20:36:54 - INFO - STEP: Mic stopped
    >> Checking pronunciation batch...
2026-09-26 20:36:55 - INFO - STEP: Checking pronunciation batch...
    >> Clicked [Correction]
2026-09-26 20:36:55 - INFO - STEP: Clicked [Correction]
    >> Result: 86/100 | Failed items: 0 | Unscored: 0
2026-09-26 20:36:59 - INFO - STEP: Result: 86/100 | Failed items: 0 | Unscored: 0
2026-09-26 20:36:59 - INFO - Pronunciation SUCCESS! Time: 12.27s | Score: 86
  [>>  ] หน้า 6: สำเร็จ (86) | 12.27s
2026-09-26 20:37:00 - INFO - RESULT: หน้า 6: สำเร็จ (86) | 12.27s
  [PAGE] หน้า 7/10 | ประเภท: type-single-item-pronunciation
2026-09-26 20:37:03 - INFO - PAGE: หน้า 7/10 | ประเภท: type-single-item-pronunciation
2026-09-26 20:37:03 - INFO - [FORCE] Page 7: force_solve=True — skipping early-pass check
2026-09-26 20:37:03 - INFO - === Pronunciation Solver ===
    >> Recording item 1...
2026-09-26 20:37:03 - INFO - STEP: Recording item 1...
    >> Mic started
2026-09-26 20:37:05 - INFO - STEP: Mic started
    >> Recording duration: 4.6s
2026-09-26 20:37:05 - INFO - STEP: Recording duration: 4.6s
    >> Mic stopped
2026-09-26 20:37:10 - INFO - STEP: Mic stopped
    >> Checking pronunciation batch...
2026-09-26 20:37:10 - INFO - STEP: Checking pronunciation batch...
    >> Clicked [Correction]
2026-09-26 20:37:10 - INFO - STEP: Clicked [Correction]
    >> Result: 92/100 | Failed items: 0 | Unscored: 0
2026-09-26 20:37:15 - INFO - STEP: Result: 92/100 | Failed items: 0 | Unscored: 0
2026-09-26 20:37:15 - INFO - Pronunciation SUCCESS! Time: 12.02s | Score: 92
  [>>  ] หน้า 7: สำเร็จ (92) | 12.02s
2026-09-26 20:37:16 - INFO - RESULT: หน้า 7: สำเร็จ (92) | 12.02s
  [PAGE] หน้า 8/10 | ประเภท: type-single-item-pronunciation
2026-09-26 20:37:18 - INFO - PAGE: หน้า 8/10 | ประเภท: type-single-item-pronunciation
2026-09-26 20:37:18 - INFO - [FORCE] Page 8: force_solve=True — skipping early-pass check
2026-09-26 20:37:18 - INFO - === Pronunciation Solver ===
    >> Recording item 1...
2026-09-26 20:37:19 - INFO - STEP: Recording item 1...
    >> Mic started
2026-09-26 20:37:20 - INFO - STEP: Mic started
    >> Recording duration: 3.5s
2026-09-26 20:37:20 - INFO - STEP: Recording duration: 3.5s
    >> Mic stopped
2026-09-26 20:37:24 - INFO - STEP: Mic stopped
    >> Checking pronunciation batch...
2026-09-26 20:37:24 - INFO - STEP: Checking pronunciation batch...
    >> Clicked [Correction]
2026-09-26 20:37:24 - INFO - STEP: Clicked [Correction]
    >> Result: 80/100 | Failed items: 0 | Unscored: 1
2026-09-26 20:37:28 - INFO - STEP: Result: 80/100 | Failed items: 0 | Unscored: 1
2026-09-26 20:37:28 - INFO - Pronunciation SUCCESS! Time: 10.23s | Score: 80
  [>>  ] หน้า 8: สำเร็จ (80) | 10.23s
2026-09-26 20:37:29 - INFO - RESULT: หน้า 8: สำเร็จ (80) | 10.23s
  [PAGE] หน้า 9/10 | ประเภท: type-single-item-pronunciation
2026-09-26 20:37:32 - INFO - PAGE: หน้า 9/10 | ประเภท: type-single-item-pronunciation
2026-09-26 20:37:32 - INFO - [FORCE] Page 9: force_solve=True — skipping early-pass check
2026-09-26 20:37:32 - INFO - === Pronunciation Solver ===
    >> Recording item 1...
2026-09-26 20:37:32 - INFO - STEP: Recording item 1...
    >> Mic started
2026-09-26 20:37:33 - INFO - STEP: Mic started
    >> Recording duration: 3.5s
2026-09-26 20:37:34 - INFO - STEP: Recording duration: 3.5s
    >> Mic stopped
2026-09-26 20:37:37 - INFO - STEP: Mic stopped
    >> Checking pronunciation batch...
2026-09-26 20:37:38 - INFO - STEP: Checking pronunciation batch...
    >> Clicked [Correction]
2026-09-26 20:37:38 - INFO - STEP: Clicked [Correction]
    >> Result: 96/100 | Failed items: 0 | Unscored: 0
2026-09-26 20:37:42 - INFO - STEP: Result: 96/100 | Failed items: 0 | Unscored: 0
2026-09-26 20:37:42 - INFO - Pronunciation SUCCESS! Time: 10.29s | Score: 96
  [>>  ] หน้า 9: สำเร็จ (96) | 10.29s
2026-09-26 20:37:43 - INFO - RESULT: หน้า 9: สำเร็จ (96) | 10.29s
  [PAGE] หน้า 10/10 | ประเภท: type-single-item-pronunciation
2026-09-26 20:37:45 - INFO - PAGE: หน้า 10/10 | ประเภท: type-single-item-pronunciation
2026-09-26 20:37:45 - INFO - [FORCE] Page 10: force_solve=True — skipping early-pass check
2026-09-26 20:37:45 - INFO - === Pronunciation Solver ===
    >> Recording item 1...
2026-09-26 20:37:46 - INFO - STEP: Recording item 1...
    >> Mic started
2026-09-26 20:37:47 - INFO - STEP: Mic started
    >> Recording duration: 3.5s
2026-09-26 20:37:47 - INFO - STEP: Recording duration: 3.5s
    >> Mic stopped
2026-09-26 20:37:51 - INFO - STEP: Mic stopped
    >> Checking pronunciation batch...
2026-09-26 20:37:51 - INFO - STEP: Checking pronunciation batch...
    >> Clicked [Correction]
2026-09-26 20:37:51 - INFO - STEP: Clicked [Correction]
    >> Result: 85/100 | Failed items: 0 | Unscored: 0
2026-09-26 20:37:56 - INFO - STEP: Result: 85/100 | Failed items: 0 | Unscored: 0
2026-09-26 20:37:56 - INFO - Pronunciation SUCCESS! Time: 10.26s | Score: 85
  [>>  ] หน้า 10: สำเร็จ (85) | 10.26s
2026-09-26 20:37:57 - INFO - RESULT: หน้า 10: สำเร็จ (85) | 10.26s

  ===========================================================================
     >>> สรุปผลการทำแบบฝึกหัด <<<
  ===========================================================================
     รายการแบบฝึกหัด:
  ---------------------------------------------------------------------------
   [[OK]] หน้า 1   |  ผ่าน      |  คะแนน  92/100  |  เวลาที่ใช้ 12.44s
   [[OK]] หน้า 2   |  ผ่าน      |  คะแนน  90/100  |  เวลาที่ใช้ 11.97s
   [[OK]] หน้า 3   |  ผ่าน      |  คะแนน  90/100  |  เวลาที่ใช้ 13.14s
   [[OK]] หน้า 4   |  ผ่าน      |  คะแนน  86/100  |  เวลาที่ใช้ 13.33s
   [[OK]] หน้า 5   |  ผ่าน      |  คะแนน  95/100  |  เวลาที่ใช้ 12.60s
   [[OK]] หน้า 6   |  ผ่าน      |  คะแนน  86/100  |  เวลาที่ใช้ 12.27s
   [[OK]] หน้า 7   |  ผ่าน      |  คะแนน  92/100  |  เวลาที่ใช้ 12.02s
   [[OK]] หน้า 8   |  ผ่าน      |  คะแนน  80/100  |  เวลาที่ใช้ 10.23s
   [[OK]] หน้า 9   |  ผ่าน      |  คะแนน  96/100  |  เวลาที่ใช้ 10.29s
   [[OK]] หน้า 10  |  ผ่าน      |  คะแนน  85/100  |  เวลาที่ใช้ 10.26s
  ---------------------------------------------------------------------------
     ผ่านทั้งหมด : 10
     เวลารวม : 118.55 s
  ===========================================================================
2026-09-26 20:37:58 - INFO - [REPORT] Saved: reports\When_the_police_arrived_20260926_203758.json
  [INFO] Done.
2026-09-26 20:37:58 - INFO - INFO: Done.
  [ OK ] Completion modal detected (after 0.0s)
2026-09-26 20:37:58 - INFO - OK: Completion modal detected (after 0.0s)
  [ OK ] Clicked [เรียนรู้ต่อ (Continue)]
2026-09-26 20:37:58 - INFO - OK: Clicked [เรียนรู้ต่อ (Continue)]
  [ OK ] Moving on (Continue)...
2026-09-26 20:37:59 - INFO - OK: Moving on (Continue)...
2026-09-26 20:38:01 - INFO - [TOTAL] Found 4 pages via .exercises-large-navigation.visible-lg li (attempt 1/2)
  [ OK ] New exercise loaded: Architects (4 pages)
2026-09-26 20:38:01 - INFO - OK: New exercise loaded: Architects (4 pages)
  [INFO] พบทั้งหมด 4 หน้า
2026-09-26 20:38:01 - INFO - INFO: พบทั้งหมด 4 หน้า
  [PAGE] หน้า 1/4 | ประเภท: type-toggle-solution
2026-09-26 20:38:03 - INFO - PAGE: หน้า 1/4 | ประเภท: type-toggle-solution
2026-09-26 20:38:03 - INFO - [FORCE] Page 1: force_solve=True — skipping early-pass check
2026-09-26 20:38:03 - INFO - === Toggle Solution Solver ===
    >> Clicked [Correction]
2026-09-26 20:38:03 - INFO - STEP: Clicked [Correction]
    >> Clicked [Solution]
2026-09-26 20:38:06 - INFO - STEP: Clicked [Solution]
    >> Clicked [Repeat]
2026-09-26 20:38:09 - INFO - STEP: Clicked [Repeat]
    >> Clicked [Correction]
2026-09-26 20:38:16 - INFO - STEP: Clicked [Correction]
  [>>  ] หน้า 1: สำเร็จ (100) | 16.19s
2026-09-26 20:38:20 - INFO - RESULT: หน้า 1: สำเร็จ (100) | 16.19s
  [PAGE] หน้า 2/4 | ประเภท: type-drag-drop-table
2026-09-26 20:38:22 - INFO - PAGE: หน้า 2/4 | ประเภท: type-drag-drop-table
2026-09-26 20:38:22 - INFO - [FORCE] Page 2: force_solve=True — skipping early-pass check
2026-09-26 20:38:22 - INFO - === Drag & Drop Solver Started ===
    >> Clicked [Correction]
2026-09-26 20:38:23 - INFO - STEP: Clicked [Correction]
    >> Clicked [Solution]
2026-09-26 20:38:25 - INFO - STEP: Clicked [Solution]
    >> Clicked [Repeat]
2026-09-26 20:38:27 - INFO - STEP: Clicked [Repeat]
    >> Extracted 4 drag/drop answers
2026-09-26 20:38:29 - INFO - STEP: Extracted 4 drag/drop answers
    >> Placed 4 drag/drop tiles (attempt 1)
2026-09-26 20:38:40 - INFO - STEP: Placed 4 drag/drop tiles (attempt 1)
    >> Clicked [Correction]
2026-09-26 20:38:40 - INFO - STEP: Clicked [Correction]
2026-09-26 20:38:43 - INFO - Drag/drop completed in 20.66s
  [>>  ] หน้า 2: สำเร็จ (100) | 20.66s
2026-09-26 20:38:44 - INFO - RESULT: หน้า 2: สำเร็จ (100) | 20.66s
  [PAGE] หน้า 3/4 | ประเภท: type-single-choice
2026-09-26 20:38:46 - INFO - PAGE: หน้า 3/4 | ประเภท: type-single-choice
2026-09-26 20:38:46 - INFO - [FORCE] Page 3: force_solve=True — skipping early-pass check
2026-09-26 20:38:46 - INFO - === Single Choice Solver ===
    >> Clicked [Correction]
2026-09-26 20:38:47 - INFO - STEP: Clicked [Correction]
    >> Clicked [Solution]
2026-09-26 20:38:49 - INFO - STEP: Clicked [Solution]
    >> Detected correct per item: [1, 0, 0, 1, 0]
2026-09-26 20:38:52 - INFO - STEP: Detected correct per item: [1, 0, 0, 1, 0]
    >> Clicked [Repeat]
2026-09-26 20:38:53 - INFO - STEP: Clicked [Repeat]
2026-09-26 20:38:57 - INFO - --- Iteration 1/8 | Score: 0 ---
    >> Clicked [Correction]
2026-09-26 20:38:57 - INFO - STEP: Clicked [Correction]
2026-09-26 20:39:01 - INFO - --- Iteration 2/8 | Score: 100 ---
  [>>  ] หน้า 3: สำเร็จ (100) | 14.50s
2026-09-26 20:39:02 - INFO - RESULT: หน้า 3: สำเร็จ (100) | 14.50s
  [PAGE] หน้า 4/4 | ประเภท: type-drag-drop
2026-09-26 20:39:04 - INFO - PAGE: หน้า 4/4 | ประเภท: type-drag-drop
2026-09-26 20:39:04 - INFO - [FORCE] Page 4: force_solve=True — skipping early-pass check
2026-09-26 20:39:04 - INFO - === Drag & Drop Solver Started ===
    >> Clicked [Correction]
2026-09-26 20:39:05 - INFO - STEP: Clicked [Correction]
    >> Clicked [Solution]
2026-09-26 20:39:07 - INFO - STEP: Clicked [Solution]
    >> Clicked [Repeat]
2026-09-26 20:39:09 - INFO - STEP: Clicked [Repeat]
    >> Extracted 8 drag/drop answers
2026-09-26 20:39:11 - INFO - STEP: Extracted 8 drag/drop answers
    >> Placed 8 drag/drop tiles (attempt 1)
2026-09-26 20:39:32 - INFO - STEP: Placed 8 drag/drop tiles (attempt 1)
    >> Clicked [Correction]
2026-09-26 20:39:32 - INFO - STEP: Clicked [Correction]
2026-09-26 20:39:35 - INFO - Drag/drop completed in 31.17s
  [>>  ] หน้า 4: สำเร็จ (100) | 31.17s
2026-09-26 20:39:36 - INFO - RESULT: หน้า 4: สำเร็จ (100) | 31.17s

  ===========================================================================
     >>> สรุปผลการทำแบบฝึกหัด <<<
  ===========================================================================
     รายการแบบฝึกหัด:
  ---------------------------------------------------------------------------
   [[OK]] หน้า 1   |  ผ่าน      |  คะแนน 100/100  |  เวลาที่ใช้ 16.19s
   [[OK]] หน้า 2   |  ผ่าน      |  คะแนน 100/100  |  เวลาที่ใช้ 20.66s
   [[OK]] หน้า 3   |  ผ่าน      |  คะแนน 100/100  |  เวลาที่ใช้ 14.50s
   [[OK]] หน้า 4   |  ผ่าน      |  คะแนน 100/100  |  เวลาที่ใช้ 31.17s
  ---------------------------------------------------------------------------
     ผ่านทั้งหมด : 4
     เวลารวม : 82.52 s
  ===========================================================================
2026-09-26 20:39:37 - INFO - [REPORT] Saved: reports\Architects_20260926_203937.json
  [INFO] Done.
2026-09-26 20:39:37 - INFO - INFO: Done.
  [ OK ] Completion modal detected (after 0.0s)
2026-09-26 20:39:37 - INFO - OK: Completion modal detected (after 0.0s)
  [ OK ] Clicked [เรียนรู้ต่อ (Continue)]
2026-09-26 20:39:37 - INFO - OK: Clicked [เรียนรู้ต่อ (Continue)]
  [ OK ] Moving on (Continue)...
2026-09-26 20:39:39 - INFO - OK: Moving on (Continue)...
2026-09-26 20:39:41 - INFO - [TOTAL] Found 5 pages via .exercises-large-navigation.visible-lg li (attempt 1/2)
  [ OK ] New exercise loaded: When, before and after (5 pages)
2026-09-26 20:39:41 - INFO - OK: New exercise loaded: When, before and after (5 pages)
  [INFO] พบทั้งหมด 5 หน้า
2026-09-26 20:39:41 - INFO - INFO: พบทั้งหมด 5 หน้า
  [PAGE] หน้า 1/5 | ประเภท: type-video
2026-09-26 20:39:42 - INFO - PAGE: หน้า 1/5 | ประเภท: type-video
2026-09-26 20:39:42 - INFO - === Video Solver Started ===
    >> Video action: seeked-and-played
2026-09-26 20:39:42 - INFO - STEP: Video action: seeked-and-played
2026-09-26 20:39:46 - INFO - Video done. Time: 4.03s
  [>>  ] หน้า 1: สำเร็จ (video) | 4.03s
2026-09-26 20:39:46 - INFO - RESULT: หน้า 1: สำเร็จ (video) | 4.03s
  [PAGE] หน้า 2/5 | ประเภท: type-scrambled-table
2026-09-26 20:39:49 - INFO - PAGE: หน้า 2/5 | ประเภท: type-scrambled-table
2026-09-26 20:39:49 - INFO - [FORCE] Page 2: force_solve=True — skipping early-pass check
2026-09-26 20:39:49 - INFO - === Scrambled Table Solver ===
    >> Clicked [Correction]
2026-09-26 20:39:50 - INFO - STEP: Clicked [Correction]
    >> Clicked [Solution]
2026-09-26 20:39:52 - INFO - STEP: Clicked [Solution]
    >> Extracted 4 items
2026-09-26 20:39:56 - INFO - STEP: Extracted 4 items
2026-09-26 20:39:56 - INFO -   item[0] = To construct a building.
2026-09-26 20:39:56 - INFO -   item[1] = To renovate a building.
2026-09-26 20:39:56 - INFO -   item[2] = To restore a building.
2026-09-26 20:39:56 - INFO -   item[3] = A construction site.
    >> Clicked [Repeat]
2026-09-26 20:39:56 - INFO - STEP: Clicked [Repeat]
2026-09-26 20:40:00 - INFO - --- Iteration 1/15 | Score: 50 ---
    >> Clicked [Correction]
2026-09-26 20:40:10 - INFO - STEP: Clicked [Correction]
2026-09-26 20:40:13 - INFO - --- Iteration 2/15 | Score: 100 ---
2026-09-26 20:40:13 - INFO - SUCCESS! Time: 24.38s
  [>>  ] หน้า 2: สำเร็จ (100) | 24.38s
2026-09-26 20:40:14 - INFO - RESULT: หน้า 2: สำเร็จ (100) | 24.38s
  [PAGE] หน้า 3/5 | ประเภท: type-drag-drop
2026-09-26 20:40:17 - INFO - PAGE: หน้า 3/5 | ประเภท: type-drag-drop
2026-09-26 20:40:17 - INFO - [FORCE] Page 3: force_solve=True — skipping early-pass check
2026-09-26 20:40:17 - INFO - === Drag & Drop Solver Started ===
    >> Clicked [Correction]
2026-09-26 20:40:17 - INFO - STEP: Clicked [Correction]
    >> Clicked [Solution]
2026-09-26 20:40:19 - INFO - STEP: Clicked [Solution]
    >> Clicked [Repeat]
2026-09-26 20:40:21 - INFO - STEP: Clicked [Repeat]
    >> Extracted 4 drag/drop answers
2026-09-26 20:40:23 - INFO - STEP: Extracted 4 drag/drop answers
    >> Placed 4 drag/drop tiles (attempt 1)
2026-09-26 20:40:34 - INFO - STEP: Placed 4 drag/drop tiles (attempt 1)
    >> Clicked [Correction]
2026-09-26 20:40:34 - INFO - STEP: Clicked [Correction]
2026-09-26 20:40:37 - INFO - Drag/drop completed in 20.46s
  [>>  ] หน้า 3: สำเร็จ (100) | 20.46s
2026-09-26 20:40:38 - INFO - RESULT: หน้า 3: สำเร็จ (100) | 20.46s
  [PAGE] หน้า 4/5 | ประเภท: type-scrambled-table
2026-09-26 20:40:41 - INFO - PAGE: หน้า 4/5 | ประเภท: type-scrambled-table
2026-09-26 20:40:41 - INFO - [FORCE] Page 4: force_solve=True — skipping early-pass check
2026-09-26 20:40:41 - INFO - === Scrambled Table Solver ===
    >> Clicked [Correction]
2026-09-26 20:40:41 - INFO - STEP: Clicked [Correction]
    >> Clicked [Solution]
2026-09-26 20:40:44 - INFO - STEP: Clicked [Solution]
    >> Extracted 4 items
2026-09-26 20:40:47 - INFO - STEP: Extracted 4 items
2026-09-26 20:40:47 - INFO -   item[0] = I had been waiting for an hour.
2026-09-26 20:40:47 - INFO -   item[1] = after I had watched TV for about an hour.
2026-09-26 20:40:47 - INFO -   item[2] = I had been studying for an hour.
2026-09-26 20:40:47 - INFO -   item[3] = he was a little nervous.
    >> Clicked [Repeat]
2026-09-26 20:40:47 - INFO - STEP: Clicked [Repeat]
2026-09-26 20:40:52 - INFO - --- Iteration 1/15 | Score: 0 ---
    >> Clicked [Correction]
2026-09-26 20:40:59 - INFO - STEP: Clicked [Correction]
2026-09-26 20:41:02 - INFO - --- Iteration 2/15 | Score: 100 ---
2026-09-26 20:41:02 - INFO - SUCCESS! Time: 21.36s
  [>>  ] หน้า 4: สำเร็จ (100) | 21.36s
2026-09-26 20:41:03 - INFO - RESULT: หน้า 4: สำเร็จ (100) | 21.36s
  [PAGE] หน้า 5/5 | ประเภท: type-answer
2026-09-26 20:41:05 - INFO - PAGE: หน้า 5/5 | ประเภท: type-answer
2026-09-26 20:41:05 - INFO - [FORCE] Page 5: force_solve=True — skipping early-pass check
2026-09-26 20:41:05 - INFO - === Answer Solver ===
    >> Clicked [Correction]
2026-09-26 20:41:06 - INFO - STEP: Clicked [Correction]
    >> Clicked [Solution]
2026-09-26 20:41:08 - INFO - STEP: Clicked [Solution]
    >> Extracted 13 answers: ['went', 'had been trying', 'was', 'left', 'looked', 'was taking', 'sat', 'had read', 'had not arrived', 'arrived', 'was', 'had been working', 'apologized']
2026-09-26 20:41:11 - INFO - STEP: Extracted 13 answers: ['went', 'had been trying', 'was', 'left', 'looked', 'was taking', 'sat', 'had read', 'had not arrived', 'arrived', 'was', 'had been working', 'apologized']
    >> Clicked [Repeat]
2026-09-26 20:41:12 - INFO - STEP: Clicked [Repeat]
2026-09-26 20:41:15 - INFO - --- Iteration 1/10 | Score: 0 ---
    >> Clicked [Correction]
2026-09-26 20:41:18 - INFO - STEP: Clicked [Correction]
2026-09-26 20:41:21 - INFO - --- Iteration 2/10 | Score: 100 ---
  [>>  ] หน้า 5: สำเร็จ (100) | 15.74s
2026-09-26 20:41:22 - INFO - RESULT: หน้า 5: สำเร็จ (100) | 15.74s

  ===========================================================================
     >>> สรุปผลการทำแบบฝึกหัด <<<
  ===========================================================================
     รายการแบบฝึกหัด:
  ---------------------------------------------------------------------------
   [[OK]] หน้า 1   |  ผ่าน      |  คะแนน 100/100  |  เวลาที่ใช้ 4.03s
   [[OK]] หน้า 2   |  ผ่าน      |  คะแนน 100/100  |  เวลาที่ใช้ 24.38s
   [[OK]] หน้า 3   |  ผ่าน      |  คะแนน 100/100  |  เวลาที่ใช้ 20.46s
   [[OK]] หน้า 4   |  ผ่าน      |  คะแนน 100/100  |  เวลาที่ใช้ 21.36s
   [[OK]] หน้า 5   |  ผ่าน      |  คะแนน 100/100  |  เวลาที่ใช้ 15.74s
  ---------------------------------------------------------------------------
     ผ่านทั้งหมด : 5
     เวลารวม : 85.97 s
  ===========================================================================
2026-09-26 20:41:23 - INFO - [REPORT] Saved: reports\When_before_and_after_20260926_204123.json
  [INFO] Done.
2026-09-26 20:41:23 - INFO - INFO: Done.
  [ OK ] Completion modal detected (after 0.0s)
2026-09-26 20:41:23 - INFO - OK: Completion modal detected (after 0.0s)
  [ OK ] Clicked [เรียนรู้ต่อ (Continue)]
2026-09-26 20:41:23 - INFO - OK: Clicked [เรียนรู้ต่อ (Continue)]
  [ OK ] Moving on (Continue)...
2026-09-26 20:41:24 - INFO - OK: Moving on (Continue)...
2026-09-26 20:41:27 - INFO - [TOTAL] Found 3 pages via .exercises-large-navigation.visible-lg li (attempt 1/2)
  [ OK ] New exercise loaded: What a fantastic view! (3 pages)
2026-09-26 20:41:27 - INFO - OK: New exercise loaded: What a fantastic view! (3 pages)
  [INFO] พบทั้งหมด 3 หน้า
2026-09-26 20:41:27 - INFO - INFO: พบทั้งหมด 3 หน้า
  [PAGE] หน้า 1/3 | ประเภท: type-answer
2026-09-26 20:41:28 - INFO - PAGE: หน้า 1/3 | ประเภท: type-answer
2026-09-26 20:41:28 - INFO - [FORCE] Page 1: force_solve=True — skipping early-pass check
2026-09-26 20:41:28 - INFO - === Answer Solver ===
    >> Clicked [Correction]
2026-09-26 20:41:29 - INFO - STEP: Clicked [Correction]
    >> Clicked [Solution]
2026-09-26 20:41:31 - INFO - STEP: Clicked [Solution]
    >> Extracted 13 answers: ['bought', 'were waiting', 'was', 'were looking', 'thought', 'glanced', 'had stopped', 'asked', 'was', 'had', 'missed', 'took', 'stayed']
2026-09-26 20:41:34 - INFO - STEP: Extracted 13 answers: ['bought', 'were waiting', 'was', 'were looking', 'thought', 'glanced', 'had stopped', 'asked', 'was', 'had', 'missed', 'took', 'stayed']
    >> Clicked [Repeat]
2026-09-26 20:41:34 - INFO - STEP: Clicked [Repeat]
2026-09-26 20:41:38 - INFO - --- Iteration 1/10 | Score: 0 ---
    >> Clicked [Correction]
2026-09-26 20:41:40 - INFO - STEP: Clicked [Correction]
2026-09-26 20:41:44 - INFO - --- Iteration 2/10 | Score: 100 ---
  [>>  ] หน้า 1: สำเร็จ (100) | 15.72s
2026-09-26 20:41:45 - INFO - RESULT: หน้า 1: สำเร็จ (100) | 15.72s
  [PAGE] หน้า 2/3 | ประเภท: type-scrambled-sentence
2026-09-26 20:41:47 - INFO - PAGE: หน้า 2/3 | ประเภท: type-scrambled-sentence
2026-09-26 20:41:47 - INFO - [FORCE] Page 2: force_solve=True — skipping early-pass check
2026-09-26 20:41:47 - INFO - === Scrambled Sentence Solver ===
    >> Clicked [Correction]
2026-09-26 20:41:48 - INFO - STEP: Clicked [Correction]
    >> Clicked [Solution]
2026-09-26 20:41:50 - INFO - STEP: Clicked [Solution]
    >> Clicked [Repeat]
2026-09-26 20:41:53 - INFO - STEP: Clicked [Repeat]
2026-09-26 20:41:57 - INFO - --- Iteration 1/10 | Score: 9 ---
    >> Clicked [Correction]
2026-09-26 20:43:44 - INFO - STEP: Clicked [Correction]
2026-09-26 20:43:48 - INFO - --- Iteration 2/10 | Score: 100 ---
  [>>  ] หน้า 2: สำเร็จ (100) | 2m 0.45s
2026-09-26 20:43:48 - INFO - RESULT: หน้า 2: สำเร็จ (100) | 2m 0.45s
  [PAGE] หน้า 3/3 | ประเภท: type-single-choice
2026-09-26 20:43:51 - INFO - PAGE: หน้า 3/3 | ประเภท: type-single-choice
2026-09-26 20:43:51 - INFO - [FORCE] Page 3: force_solve=True — skipping early-pass check
2026-09-26 20:43:51 - INFO - === Single Choice Solver ===
    >> Clicked [Correction]
2026-09-26 20:43:52 - INFO - STEP: Clicked [Correction]
    >> Clicked [Solution]
2026-09-26 20:43:54 - INFO - STEP: Clicked [Solution]
    >> Detected correct per item: [0, 0, 1, 1]
2026-09-26 20:43:57 - INFO - STEP: Detected correct per item: [0, 0, 1, 1]
    >> Clicked [Repeat]
2026-09-26 20:43:58 - INFO - STEP: Clicked [Repeat]
2026-09-26 20:44:01 - INFO - --- Iteration 1/8 | Score: 0 ---
    >> Clicked [Correction]
2026-09-26 20:44:02 - INFO - STEP: Clicked [Correction]
2026-09-26 20:44:05 - INFO - --- Iteration 2/8 | Score: 100 ---
  [>>  ] หน้า 3: สำเร็จ (100) | 14.25s
2026-09-26 20:44:06 - INFO - RESULT: หน้า 3: สำเร็จ (100) | 14.25s

  ===========================================================================
     >>> สรุปผลการทำแบบฝึกหัด <<<
  ===========================================================================
     รายการแบบฝึกหัด:
  ---------------------------------------------------------------------------
   [[OK]] หน้า 1   |  ผ่าน      |  คะแนน 100/100  |  เวลาที่ใช้ 15.72s
   [[OK]] หน้า 2   |  ผ่าน      |  คะแนน 100/100  |  เวลาที่ใช้ 2m 0.45s
   [[OK]] หน้า 3   |  ผ่าน      |  คะแนน 100/100  |  เวลาที่ใช้ 14.25s
  ---------------------------------------------------------------------------
     ผ่านทั้งหมด : 3
     เวลารวม : 150.42 s
  ===========================================================================
2026-09-26 20:44:07 - INFO - [REPORT] Saved: reports\What_a_fantastic_view_20260926_204407.json
  [INFO] Done.
2026-09-26 20:44:07 - INFO - INFO: Done.
  [ OK ] Completion modal detected (after 0.0s)
2026-09-26 20:44:07 - INFO - OK: Completion modal detected (after 0.0s)
  [ OK ] Clicked [เรียนรู้ต่อ (Continue)]
2026-09-26 20:44:07 - INFO - OK: Clicked [เรียนรู้ต่อ (Continue)]
  [ OK ] Moving on (Continue)...
2026-09-26 20:44:09 - INFO - OK: Moving on (Continue)...
2026-09-26 20:44:11 - INFO - [TOTAL] Found 11 pages via .exercises-large-navigation.visible-lg li (attempt 1/2)
  [ OK ] New exercise loaded: He had already done it (11 pages)
2026-09-26 20:44:11 - INFO - OK: New exercise loaded: He had already done it (11 pages)
  [INFO] พบทั้งหมด 11 หน้า
2026-09-26 20:44:11 - INFO - INFO: พบทั้งหมด 11 หน้า
  [PAGE] หน้า 1/11 | ประเภท: type-single-item-pronunciation
2026-09-26 20:44:12 - INFO - PAGE: หน้า 1/11 | ประเภท: type-single-item-pronunciation
2026-09-26 20:44:12 - INFO - [FORCE] Page 1: force_solve=True — skipping early-pass check
2026-09-26 20:44:12 - INFO - === Pronunciation Solver ===
    >> Recording item 1...
2026-09-26 20:44:13 - INFO - STEP: Recording item 1...
    >> Mic started
2026-09-26 20:44:14 - INFO - STEP: Mic started
    >> Recording duration: 4.1s
2026-09-26 20:44:14 - INFO - STEP: Recording duration: 4.1s
    >> Mic stopped
2026-09-26 20:44:18 - INFO - STEP: Mic stopped
    >> Checking pronunciation batch...
2026-09-26 20:44:19 - INFO - STEP: Checking pronunciation batch...
    >> Clicked [Correction]
2026-09-26 20:44:19 - INFO - STEP: Clicked [Correction]
    >> Result: 94/100 | Failed items: 0 | Unscored: 0
2026-09-26 20:44:23 - INFO - STEP: Result: 94/100 | Failed items: 0 | Unscored: 0
2026-09-26 20:44:23 - INFO - Pronunciation SUCCESS! Time: 10.81s | Score: 94
  [>>  ] หน้า 1: สำเร็จ (94) | 10.81s
2026-09-26 20:44:24 - INFO - RESULT: หน้า 1: สำเร็จ (94) | 10.81s
  [PAGE] หน้า 2/11 | ประเภท: type-single-item-pronunciation
2026-09-26 20:44:26 - INFO - PAGE: หน้า 2/11 | ประเภท: type-single-item-pronunciation
2026-09-26 20:44:26 - INFO - [FORCE] Page 2: force_solve=True — skipping early-pass check
2026-09-26 20:44:26 - INFO - === Pronunciation Solver ===
    >> Recording item 1...
2026-09-26 20:44:27 - INFO - STEP: Recording item 1...
    >> Mic started
2026-09-26 20:44:28 - INFO - STEP: Mic started
    >> Recording duration: 6.2s
2026-09-26 20:44:28 - INFO - STEP: Recording duration: 6.2s
    >> Mic stopped
2026-09-26 20:44:35 - INFO - STEP: Mic stopped
    >> Checking pronunciation batch...
2026-09-26 20:44:35 - INFO - STEP: Checking pronunciation batch...
    >> Clicked [Correction]
2026-09-26 20:44:35 - INFO - STEP: Clicked [Correction]
    >> Result: 94/100 | Failed items: 0 | Unscored: 0
2026-09-26 20:44:40 - INFO - STEP: Result: 94/100 | Failed items: 0 | Unscored: 0
2026-09-26 20:44:40 - INFO - Pronunciation SUCCESS! Time: 13.06s | Score: 94
  [>>  ] หน้า 2: สำเร็จ (94) | 13.06s
2026-09-26 20:44:40 - INFO - RESULT: หน้า 2: สำเร็จ (94) | 13.06s
  [PAGE] หน้า 3/11 | ประเภท: type-single-item-pronunciation
2026-09-26 20:44:43 - INFO - PAGE: หน้า 3/11 | ประเภท: type-single-item-pronunciation
2026-09-26 20:44:43 - INFO - [FORCE] Page 3: force_solve=True — skipping early-pass check
2026-09-26 20:44:43 - INFO - === Pronunciation Solver ===
    >> Recording item 1...
2026-09-26 20:44:43 - INFO - STEP: Recording item 1...
    >> Mic started
2026-09-26 20:44:44 - INFO - STEP: Mic started
    >> Recording duration: 5.2s
2026-09-26 20:44:45 - INFO - STEP: Recording duration: 5.2s
    >> Mic stopped
2026-09-26 20:44:50 - INFO - STEP: Mic stopped
    >> Checking pronunciation batch...
2026-09-26 20:44:50 - INFO - STEP: Checking pronunciation batch...
    >> Clicked [Correction]
2026-09-26 20:44:51 - INFO - STEP: Clicked [Correction]
    >> Result: 90/100 | Failed items: 0 | Unscored: 0
2026-09-26 20:44:55 - INFO - STEP: Result: 90/100 | Failed items: 0 | Unscored: 0
2026-09-26 20:44:55 - INFO - Pronunciation SUCCESS! Time: 11.96s | Score: 90
  [>>  ] หน้า 3: สำเร็จ (90) | 11.96s
2026-09-26 20:44:56 - INFO - RESULT: หน้า 3: สำเร็จ (90) | 11.96s
  [PAGE] หน้า 4/11 | ประเภท: type-single-item-pronunciation
2026-09-26 20:44:58 - INFO - PAGE: หน้า 4/11 | ประเภท: type-single-item-pronunciation
2026-09-26 20:44:58 - INFO - [FORCE] Page 4: force_solve=True — skipping early-pass check
2026-09-26 20:44:58 - INFO - === Pronunciation Solver ===
    >> Recording item 1...
2026-09-26 20:44:59 - INFO - STEP: Recording item 1...
    >> Mic started
2026-09-26 20:45:00 - INFO - STEP: Mic started
    >> Recording duration: 5.8s
2026-09-26 20:45:00 - INFO - STEP: Recording duration: 5.8s
    >> Mic stopped
2026-09-26 20:45:06 - INFO - STEP: Mic stopped
    >> Checking pronunciation batch...
2026-09-26 20:45:07 - INFO - STEP: Checking pronunciation batch...
    >> Clicked [Correction]
2026-09-26 20:45:07 - INFO - STEP: Clicked [Correction]
    >> Result: 94/100 | Failed items: 0 | Unscored: 0
2026-09-26 20:45:11 - INFO - STEP: Result: 94/100 | Failed items: 0 | Unscored: 0
2026-09-26 20:45:11 - INFO - Pronunciation SUCCESS! Time: 12.75s | Score: 94
  [>>  ] หน้า 4: สำเร็จ (94) | 12.75s
2026-09-26 20:45:12 - INFO - RESULT: หน้า 4: สำเร็จ (94) | 12.75s
  [PAGE] หน้า 5/11 | ประเภท: type-single-item-pronunciation
2026-09-26 20:45:15 - INFO - PAGE: หน้า 5/11 | ประเภท: type-single-item-pronunciation
2026-09-26 20:45:15 - INFO - [FORCE] Page 5: force_solve=True — skipping early-pass check
2026-09-26 20:45:15 - INFO - === Pronunciation Solver ===
    >> Recording item 1...
2026-09-26 20:45:15 - INFO - STEP: Recording item 1...
    >> Mic started
2026-09-26 20:45:16 - INFO - STEP: Mic started
    >> Recording duration: 5.3s
2026-09-26 20:45:17 - INFO - STEP: Recording duration: 5.3s
    >> Mic stopped
2026-09-26 20:45:22 - INFO - STEP: Mic stopped
    >> Checking pronunciation batch...
2026-09-26 20:45:22 - INFO - STEP: Checking pronunciation batch...
    >> Clicked [Correction]
2026-09-26 20:45:23 - INFO - STEP: Clicked [Correction]
    >> Result: 95/100 | Failed items: 0 | Unscored: 0
2026-09-26 20:45:27 - INFO - STEP: Result: 95/100 | Failed items: 0 | Unscored: 0
2026-09-26 20:45:27 - INFO - Pronunciation SUCCESS! Time: 12.24s | Score: 95
  [>>  ] หน้า 5: สำเร็จ (95) | 12.24s
2026-09-26 20:45:28 - INFO - RESULT: หน้า 5: สำเร็จ (95) | 12.24s
  [PAGE] หน้า 6/11 | ประเภท: type-single-item-pronunciation
2026-09-26 20:45:30 - INFO - PAGE: หน้า 6/11 | ประเภท: type-single-item-pronunciation
2026-09-26 20:45:30 - INFO - [FORCE] Page 6: force_solve=True — skipping early-pass check
2026-09-26 20:45:30 - INFO - === Pronunciation Solver ===
    >> Recording item 1...
2026-09-26 20:45:31 - INFO - STEP: Recording item 1...
    >> Mic started
2026-09-26 20:45:32 - INFO - STEP: Mic started
    >> Recording duration: 5.5s
2026-09-26 20:45:33 - INFO - STEP: Recording duration: 5.5s
    >> Mic stopped
2026-09-26 20:45:38 - INFO - STEP: Mic stopped
    >> Checking pronunciation batch...
2026-09-26 20:45:39 - INFO - STEP: Checking pronunciation batch...
    >> Clicked [Correction]
2026-09-26 20:45:39 - INFO - STEP: Clicked [Correction]
    >> Result: 93/100 | Failed items: 0 | Unscored: 0
2026-09-26 20:45:43 - INFO - STEP: Result: 93/100 | Failed items: 0 | Unscored: 0
2026-09-26 20:45:43 - INFO - Pronunciation SUCCESS! Time: 12.74s | Score: 93
  [>>  ] หน้า 6: สำเร็จ (93) | 12.74s
2026-09-26 20:45:44 - INFO - RESULT: หน้า 6: สำเร็จ (93) | 12.74s
  [PAGE] หน้า 7/11 | ประเภท: type-single-item-pronunciation
2026-09-26 20:45:46 - INFO - PAGE: หน้า 7/11 | ประเภท: type-single-item-pronunciation
2026-09-26 20:45:46 - INFO - [FORCE] Page 7: force_solve=True — skipping early-pass check
2026-09-26 20:45:46 - INFO - === Pronunciation Solver ===
    >> Recording item 1...
2026-09-26 20:45:47 - INFO - STEP: Recording item 1...
    >> Mic started
2026-09-26 20:45:48 - INFO - STEP: Mic started
    >> Recording duration: 4.8s
2026-09-26 20:45:48 - INFO - STEP: Recording duration: 4.8s
    >> Mic stopped
2026-09-26 20:45:53 - INFO - STEP: Mic stopped
    >> Checking pronunciation batch...
2026-09-26 20:45:54 - INFO - STEP: Checking pronunciation batch...
    >> Clicked [Correction]
2026-09-26 20:45:54 - INFO - STEP: Clicked [Correction]
    >> Result: 89/100 | Failed items: 0 | Unscored: 0
2026-09-26 20:45:58 - INFO - STEP: Result: 89/100 | Failed items: 0 | Unscored: 0
2026-09-26 20:45:58 - INFO - Pronunciation SUCCESS! Time: 11.57s | Score: 89
  [>>  ] หน้า 7: สำเร็จ (89) | 11.57s
2026-09-26 20:45:59 - INFO - RESULT: หน้า 7: สำเร็จ (89) | 11.57s
  [PAGE] หน้า 8/11 | ประเภท: type-single-item-pronunciation
2026-09-26 20:46:01 - INFO - PAGE: หน้า 8/11 | ประเภท: type-single-item-pronunciation
2026-09-26 20:46:01 - INFO - [FORCE] Page 8: force_solve=True — skipping early-pass check
2026-09-26 20:46:01 - INFO - === Pronunciation Solver ===
    >> Recording item 1...
2026-09-26 20:46:02 - INFO - STEP: Recording item 1...
    >> Mic started
2026-09-26 20:46:03 - INFO - STEP: Mic started
    >> Recording duration: 5.4s
2026-09-26 20:46:04 - INFO - STEP: Recording duration: 5.4s
    >> Mic stopped
2026-09-26 20:46:09 - INFO - STEP: Mic stopped
    >> Checking pronunciation batch...
2026-09-26 20:46:10 - INFO - STEP: Checking pronunciation batch...
    >> Clicked [Correction]
2026-09-26 20:46:10 - INFO - STEP: Clicked [Correction]
    >> Result: 94/100 | Failed items: 0 | Unscored: 0
2026-09-26 20:46:14 - INFO - STEP: Result: 94/100 | Failed items: 0 | Unscored: 0
2026-09-26 20:46:14 - INFO - Pronunciation SUCCESS! Time: 12.69s | Score: 94
  [>>  ] หน้า 8: สำเร็จ (94) | 12.69s
2026-09-26 20:46:15 - INFO - RESULT: หน้า 8: สำเร็จ (94) | 12.69s
  [PAGE] หน้า 9/11 | ประเภท: type-single-item-pronunciation
2026-09-26 20:46:17 - INFO - PAGE: หน้า 9/11 | ประเภท: type-single-item-pronunciation
2026-09-26 20:46:17 - INFO - [FORCE] Page 9: force_solve=True — skipping early-pass check
2026-09-26 20:46:17 - INFO - === Pronunciation Solver ===
    >> Recording item 1...
2026-09-26 20:46:18 - INFO - STEP: Recording item 1...
    >> Mic started
2026-09-26 20:46:19 - INFO - STEP: Mic started
    >> Recording duration: 5.3s
2026-09-26 20:46:19 - INFO - STEP: Recording duration: 5.3s
    >> Mic stopped
2026-09-26 20:46:25 - INFO - STEP: Mic stopped
    >> Checking pronunciation batch...
2026-09-26 20:46:25 - INFO - STEP: Checking pronunciation batch...
    >> Clicked [Correction]
2026-09-26 20:46:25 - INFO - STEP: Clicked [Correction]
    >> Result: 93/100 | Failed items: 0 | Unscored: 0
2026-09-26 20:46:30 - INFO - STEP: Result: 93/100 | Failed items: 0 | Unscored: 0
2026-09-26 20:46:30 - INFO - Pronunciation SUCCESS! Time: 12.21s | Score: 93
  [>>  ] หน้า 9: สำเร็จ (93) | 12.21s
2026-09-26 20:46:30 - INFO - RESULT: หน้า 9: สำเร็จ (93) | 12.21s
  [PAGE] หน้า 10/11 | ประเภท: type-single-item-pronunciation
2026-09-26 20:46:33 - INFO - PAGE: หน้า 10/11 | ประเภท: type-single-item-pronunciation
2026-09-26 20:46:33 - INFO - [FORCE] Page 10: force_solve=True — skipping early-pass check
2026-09-26 20:46:33 - INFO - === Pronunciation Solver ===
    >> Recording item 1...
2026-09-26 20:46:33 - INFO - STEP: Recording item 1...
    >> Mic started
2026-09-26 20:46:35 - INFO - STEP: Mic started
    >> Recording duration: 6.9s
2026-09-26 20:46:35 - INFO - STEP: Recording duration: 6.9s
    >> Mic stopped
2026-09-26 20:46:42 - INFO - STEP: Mic stopped
    >> Checking pronunciation batch...
2026-09-26 20:46:43 - INFO - STEP: Checking pronunciation batch...
    >> Clicked [Correction]
2026-09-26 20:46:43 - INFO - STEP: Clicked [Correction]
    >> Result: 85/100 | Failed items: 0 | Unscored: 0
2026-09-26 20:46:47 - INFO - STEP: Result: 85/100 | Failed items: 0 | Unscored: 0
2026-09-26 20:46:47 - INFO - Pronunciation SUCCESS! Time: 13.96s | Score: 85
  [>>  ] หน้า 10: สำเร็จ (85) | 13.96s
2026-09-26 20:46:48 - INFO - RESULT: หน้า 10: สำเร็จ (85) | 13.96s
  [PAGE] หน้า 11/11 | ประเภท: type-single-item-pronunciation
2026-09-26 20:46:50 - INFO - PAGE: หน้า 11/11 | ประเภท: type-single-item-pronunciation
2026-09-26 20:46:50 - INFO - [FORCE] Page 11: force_solve=True — skipping early-pass check
2026-09-26 20:46:50 - INFO - === Pronunciation Solver ===
    >> Recording item 1...
2026-09-26 20:46:51 - INFO - STEP: Recording item 1...
    >> Mic started
2026-09-26 20:46:52 - INFO - STEP: Mic started
    >> Recording duration: 5.3s
2026-09-26 20:46:53 - INFO - STEP: Recording duration: 5.3s
    >> Mic stopped
2026-09-26 20:46:58 - INFO - STEP: Mic stopped
    >> Checking pronunciation batch...
2026-09-26 20:46:58 - INFO - STEP: Checking pronunciation batch...
    >> Clicked [Correction]
2026-09-26 20:46:58 - INFO - STEP: Clicked [Correction]
    >> Result: 88/100 | Failed items: 0 | Unscored: 0
2026-09-26 20:47:03 - INFO - STEP: Result: 88/100 | Failed items: 0 | Unscored: 0
2026-09-26 20:47:03 - INFO - Pronunciation SUCCESS! Time: 12.43s | Score: 88
  [>>  ] หน้า 11: สำเร็จ (88) | 12.43s
2026-09-26 20:47:04 - INFO - RESULT: หน้า 11: สำเร็จ (88) | 12.43s

  ===========================================================================
     >>> สรุปผลการทำแบบฝึกหัด <<<
  ===========================================================================
     รายการแบบฝึกหัด:
  ---------------------------------------------------------------------------
   [[OK]] หน้า 1   |  ผ่าน      |  คะแนน  94/100  |  เวลาที่ใช้ 10.81s
   [[OK]] หน้า 2   |  ผ่าน      |  คะแนน  94/100  |  เวลาที่ใช้ 13.06s
   [[OK]] หน้า 3   |  ผ่าน      |  คะแนน  90/100  |  เวลาที่ใช้ 11.96s
   [[OK]] หน้า 4   |  ผ่าน      |  คะแนน  94/100  |  เวลาที่ใช้ 12.75s
   [[OK]] หน้า 5   |  ผ่าน      |  คะแนน  95/100  |  เวลาที่ใช้ 12.24s
   [[OK]] หน้า 6   |  ผ่าน      |  คะแนน  93/100  |  เวลาที่ใช้ 12.74s
   [[OK]] หน้า 7   |  ผ่าน      |  คะแนน  89/100  |  เวลาที่ใช้ 11.57s
   [[OK]] หน้า 8   |  ผ่าน      |  คะแนน  94/100  |  เวลาที่ใช้ 12.69s
   [[OK]] หน้า 9   |  ผ่าน      |  คะแนน  93/100  |  เวลาที่ใช้ 12.21s
   [[OK]] หน้า 10  |  ผ่าน      |  คะแนน  85/100  |  เวลาที่ใช้ 13.96s
   [[OK]] หน้า 11  |  ผ่าน      |  คะแนน  88/100  |  เวลาที่ใช้ 12.43s
  ---------------------------------------------------------------------------
     ผ่านทั้งหมด : 11
     เวลารวม : 136.42 s
  ===========================================================================
2026-09-26 20:47:05 - INFO - [REPORT] Saved: reports\He_had_already_done_it_20260926_204705.json
  [INFO] Done.
2026-09-26 20:47:05 - INFO - INFO: Done.
  [ OK ] Completion modal detected (after 0.0s)
2026-09-26 20:47:05 - INFO - OK: Completion modal detected (after 0.0s)
  [ OK ] Clicked [เรียนรู้ต่อ (Continue)]
2026-09-26 20:47:05 - INFO - OK: Clicked [เรียนรู้ต่อ (Continue)]
  [ OK ] Moving on (Continue)...
2026-09-26 20:47:06 - INFO - OK: Moving on (Continue)...
2026-09-26 20:47:08 - INFO - [TOTAL] Found 4 pages via .exercises-large-navigation.visible-lg li (attempt 1/2)
  [ OK ] New exercise loaded: How long? (4 pages)
2026-09-26 20:47:08 - INFO - OK: New exercise loaded: How long? (4 pages)
  [INFO] พบทั้งหมด 4 หน้า
2026-09-26 20:47:08 - INFO - INFO: พบทั้งหมด 4 หน้า
  [PAGE] หน้า 1/4 | ประเภท: type-answer
2026-09-26 20:47:10 - INFO - PAGE: หน้า 1/4 | ประเภท: type-answer
2026-09-26 20:47:10 - INFO - [FORCE] Page 1: force_solve=True — skipping early-pass check
2026-09-26 20:47:10 - INFO - === Answer Solver ===
    >> Clicked [Correction]
2026-09-26 20:47:10 - INFO - STEP: Clicked [Correction]
    >> Clicked [Solution]
2026-09-26 20:47:13 - INFO - STEP: Clicked [Solution]
    >> Extracted 5 answers: ['faster than', 'later than', 'safer than', 'cleaner', 'fresher']
2026-09-26 20:47:16 - INFO - STEP: Extracted 5 answers: ['faster than', 'later than', 'safer than', 'cleaner', 'fresher']
    >> Clicked [Repeat]
2026-09-26 20:47:16 - INFO - STEP: Clicked [Repeat]
2026-09-26 20:47:20 - INFO - --- Iteration 1/10 | Score: 0 ---
    >> Clicked [Correction]
2026-09-26 20:47:21 - INFO - STEP: Clicked [Correction]
2026-09-26 20:47:25 - INFO - --- Iteration 2/10 | Score: 100 ---
  [>>  ] หน้า 1: สำเร็จ (100) | 14.79s
2026-09-26 20:47:25 - INFO - RESULT: หน้า 1: สำเร็จ (100) | 14.79s
  [PAGE] หน้า 2/4 | ประเภท: type-single-choice
2026-09-26 20:47:28 - INFO - PAGE: หน้า 2/4 | ประเภท: type-single-choice
2026-09-26 20:47:28 - INFO - [FORCE] Page 2: force_solve=True — skipping early-pass check
2026-09-26 20:47:28 - INFO - === Single Choice Solver ===
    >> Clicked [Correction]
2026-09-26 20:47:28 - INFO - STEP: Clicked [Correction]
    >> Clicked [Solution]
2026-09-26 20:47:31 - INFO - STEP: Clicked [Solution]
    >> Detected correct per item: [2, 0, 1]
2026-09-26 20:47:34 - INFO - STEP: Detected correct per item: [2, 0, 1]
    >> Clicked [Repeat]
2026-09-26 20:47:35 - INFO - STEP: Clicked [Repeat]
2026-09-26 20:47:38 - INFO - --- Iteration 1/8 | Score: 0 ---
    >> Clicked [Correction]
2026-09-26 20:47:39 - INFO - STEP: Clicked [Correction]
2026-09-26 20:47:42 - INFO - --- Iteration 2/8 | Score: 100 ---
  [>>  ] หน้า 2: สำเร็จ (100) | 14.05s
2026-09-26 20:47:43 - INFO - RESULT: หน้า 2: สำเร็จ (100) | 14.05s
  [PAGE] หน้า 3/4 | ประเภท: type-single-choice
2026-09-26 20:47:45 - INFO - PAGE: หน้า 3/4 | ประเภท: type-single-choice
2026-09-26 20:47:45 - INFO - [FORCE] Page 3: force_solve=True — skipping early-pass check
2026-09-26 20:47:45 - INFO - === Single Choice Solver ===
    >> Clicked [Correction]
2026-09-26 20:47:46 - INFO - STEP: Clicked [Correction]
    >> Clicked [Solution]
2026-09-26 20:47:48 - INFO - STEP: Clicked [Solution]
    >> Detected correct per item: [0, 1, 0, 1]
2026-09-26 20:47:51 - INFO - STEP: Detected correct per item: [0, 1, 0, 1]
    >> Clicked [Repeat]
2026-09-26 20:47:52 - INFO - STEP: Clicked [Repeat]
2026-09-26 20:47:56 - INFO - --- Iteration 1/8 | Score: 0 ---
    >> Clicked [Correction]
2026-09-26 20:47:56 - INFO - STEP: Clicked [Correction]
2026-09-26 20:48:00 - INFO - --- Iteration 2/8 | Score: 100 ---
  [>>  ] หน้า 3: สำเร็จ (100) | 14.21s
2026-09-26 20:48:00 - INFO - RESULT: หน้า 3: สำเร็จ (100) | 14.21s
  [PAGE] หน้า 4/4 | ประเภท: type-drag-drop
2026-09-26 20:48:03 - INFO - PAGE: หน้า 4/4 | ประเภท: type-drag-drop
2026-09-26 20:48:03 - INFO - [FORCE] Page 4: force_solve=True — skipping early-pass check
2026-09-26 20:48:03 - INFO - === Drag & Drop Solver Started ===
    >> Clicked [Correction]
2026-09-26 20:48:03 - INFO - STEP: Clicked [Correction]
    >> Clicked [Solution]
2026-09-26 20:48:06 - INFO - STEP: Clicked [Solution]
    >> Clicked [Repeat]
2026-09-26 20:48:08 - INFO - STEP: Clicked [Repeat]
    >> Extracted 6 drag/drop answers
2026-09-26 20:48:10 - INFO - STEP: Extracted 6 drag/drop answers
    >> Placed 6 drag/drop tiles (attempt 1)
2026-09-26 20:48:25 - INFO - STEP: Placed 6 drag/drop tiles (attempt 1)
    >> Clicked [Correction]
2026-09-26 20:48:25 - INFO - STEP: Clicked [Correction]
2026-09-26 20:48:28 - INFO - Drag/drop completed in 25.41s
  [>>  ] หน้า 4: สำเร็จ (100) | 25.41s
2026-09-26 20:48:29 - INFO - RESULT: หน้า 4: สำเร็จ (100) | 25.41s

  ===========================================================================
     >>> สรุปผลการทำแบบฝึกหัด <<<
  ===========================================================================
     รายการแบบฝึกหัด:
  ---------------------------------------------------------------------------
   [[OK]] หน้า 1   |  ผ่าน      |  คะแนน 100/100  |  เวลาที่ใช้ 14.79s
   [[OK]] หน้า 2   |  ผ่าน      |  คะแนน 100/100  |  เวลาที่ใช้ 14.05s
   [[OK]] หน้า 3   |  ผ่าน      |  คะแนน 100/100  |  เวลาที่ใช้ 14.21s
   [[OK]] หน้า 4   |  ผ่าน      |  คะแนน 100/100  |  เวลาที่ใช้ 25.41s
  ---------------------------------------------------------------------------
     ผ่านทั้งหมด : 4
     เวลารวม : 68.46 s
  ===========================================================================
2026-09-26 20:48:30 - INFO - [REPORT] Saved: reports\How_long_20260926_204830.json
  [INFO] Done.
2026-09-26 20:48:30 - INFO - INFO: Done.
  [ OK ] Completion modal detected (after 0.0s)
2026-09-26 20:48:30 - INFO - OK: Completion modal detected (after 0.0s)
  [ OK ] Clicked [เรียนรู้ต่อ (Continue)]
2026-09-26 20:48:30 - INFO - OK: Clicked [เรียนรู้ต่อ (Continue)]
  [ OK ] Moving on (Continue)...
2026-09-26 20:48:32 - INFO - OK: Moving on (Continue)...
2026-09-26 20:48:34 - INFO - [TOTAL] Found 4 pages via .exercises-large-navigation.visible-lg li (attempt 1/2)
  [ OK ] New exercise loaded: What's been going on? (4 pages)
2026-09-26 20:48:34 - INFO - OK: New exercise loaded: What's been going on? (4 pages)
  [INFO] พบทั้งหมด 4 หน้า
2026-09-26 20:48:34 - INFO - INFO: พบทั้งหมด 4 หน้า
  [PAGE] หน้า 1/4 | ประเภท: type-answer
2026-09-26 20:48:35 - INFO - PAGE: หน้า 1/4 | ประเภท: type-answer
2026-09-26 20:48:35 - INFO - [FORCE] Page 1: force_solve=True — skipping early-pass check
2026-09-26 20:48:35 - INFO - === Answer Solver ===
    >> Clicked [Correction]
2026-09-26 20:48:36 - INFO - STEP: Clicked [Correction]
    >> Clicked [Solution]
2026-09-26 20:48:38 - INFO - STEP: Clicked [Solution]
    >> Extracted 4 answers: ['has been wearing', 'has been acting', 'have been keeping', 'has been buying']
2026-09-26 20:48:41 - INFO - STEP: Extracted 4 answers: ['has been wearing', 'has been acting', 'have been keeping', 'has been buying']
    >> Clicked [Repeat]
2026-09-26 20:48:41 - INFO - STEP: Clicked [Repeat]
2026-09-26 20:48:45 - INFO - --- Iteration 1/10 | Score: 0 ---
    >> Clicked [Correction]
2026-09-26 20:48:47 - INFO - STEP: Clicked [Correction]
2026-09-26 20:48:50 - INFO - --- Iteration 2/10 | Score: 100 ---
  [>>  ] หน้า 1: สำเร็จ (100) | 14.79s
2026-09-26 20:48:51 - INFO - RESULT: หน้า 1: สำเร็จ (100) | 14.79s
  [PAGE] หน้า 2/4 | ประเภท: type-drag-drop
2026-09-26 20:48:53 - INFO - PAGE: หน้า 2/4 | ประเภท: type-drag-drop
2026-09-26 20:48:53 - INFO - [FORCE] Page 2: force_solve=True — skipping early-pass check
2026-09-26 20:48:53 - INFO - === Drag & Drop Solver Started ===
    >> Clicked [Correction]
2026-09-26 20:48:54 - INFO - STEP: Clicked [Correction]
    >> Clicked [Solution]
2026-09-26 20:48:56 - INFO - STEP: Clicked [Solution]
    >> Clicked [Repeat]
2026-09-26 20:48:58 - INFO - STEP: Clicked [Repeat]
    >> Extracted 5 drag/drop answers
2026-09-26 20:49:00 - INFO - STEP: Extracted 5 drag/drop answers
    >> Placed 5 drag/drop tiles (attempt 1)
2026-09-26 20:49:13 - INFO - STEP: Placed 5 drag/drop tiles (attempt 1)
    >> Clicked [Correction]
2026-09-26 20:49:13 - INFO - STEP: Clicked [Correction]
2026-09-26 20:49:16 - INFO - Drag/drop completed in 22.85s
  [>>  ] หน้า 2: สำเร็จ (100) | 22.85s
2026-09-26 20:49:17 - INFO - RESULT: หน้า 2: สำเร็จ (100) | 22.85s
  [PAGE] หน้า 3/4 | ประเภท: type-answer
2026-09-26 20:49:20 - INFO - PAGE: หน้า 3/4 | ประเภท: type-answer
2026-09-26 20:49:20 - INFO - [FORCE] Page 3: force_solve=True — skipping early-pass check
2026-09-26 20:49:20 - INFO - === Answer Solver ===
    >> Clicked [Correction]
2026-09-26 20:49:20 - INFO - STEP: Clicked [Correction]
    >> Clicked [Solution]
2026-09-26 20:49:23 - INFO - STEP: Clicked [Solution]
    >> Extracted 6 answers: ['had been snowing', 'had been working', 'had been playing', 'had been thinking', 'had been talking', 'had been sitting']
2026-09-26 20:49:26 - INFO - STEP: Extracted 6 answers: ['had been snowing', 'had been working', 'had been playing', 'had been thinking', 'had been talking', 'had been sitting']
    >> Clicked [Repeat]
2026-09-26 20:49:26 - INFO - STEP: Clicked [Repeat]
2026-09-26 20:49:30 - INFO - --- Iteration 1/10 | Score: 0 ---
    >> Clicked [Correction]
2026-09-26 20:49:31 - INFO - STEP: Clicked [Correction]
2026-09-26 20:49:35 - INFO - --- Iteration 2/10 | Score: 100 ---
  [>>  ] หน้า 3: สำเร็จ (100) | 14.94s
2026-09-26 20:49:35 - INFO - RESULT: หน้า 3: สำเร็จ (100) | 14.94s
  [PAGE] หน้า 4/4 | ประเภท: type-scrambled-table
2026-09-26 20:49:38 - INFO - PAGE: หน้า 4/4 | ประเภท: type-scrambled-table
2026-09-26 20:49:38 - INFO - [FORCE] Page 4: force_solve=True — skipping early-pass check
2026-09-26 20:49:38 - INFO - === Scrambled Table Solver ===
    >> Clicked [Correction]
2026-09-26 20:49:39 - INFO - STEP: Clicked [Correction]
    >> Clicked [Solution]
2026-09-26 20:49:41 - INFO - STEP: Clicked [Solution]
    >> Extracted 7 items
2026-09-26 20:49:45 - INFO - STEP: Extracted 7 items
2026-09-26 20:49:45 - INFO -   item[0] = Since we were kids.
2026-09-26 20:49:45 - INFO -   item[1] = In 2016.
2026-09-26 20:49:45 - INFO -   item[2] = Since 2017.
2026-09-26 20:49:45 - INFO -   item[3] = Since this morning.
2026-09-26 20:49:45 - INFO -   item[4] = When I was in Panama.
2026-09-26 20:49:45 - INFO -   item[5] = Since I came to Mexico.
2026-09-26 20:49:45 - INFO -   item[6] = When I visited my parents last year.
    >> Clicked [Repeat]
2026-09-26 20:49:45 - INFO - STEP: Clicked [Repeat]
2026-09-26 20:49:49 - INFO - --- Iteration 1/15 | Score: 0 ---
    >> Clicked [Correction]
2026-09-26 20:50:02 - INFO - STEP: Clicked [Correction]
2026-09-26 20:50:05 - INFO - --- Iteration 2/15 | Score: 100 ---
2026-09-26 20:50:05 - INFO - SUCCESS! Time: 27.06s
  [>>  ] หน้า 4: สำเร็จ (100) | 27.06s
2026-09-26 20:50:06 - INFO - RESULT: หน้า 4: สำเร็จ (100) | 27.06s

  ===========================================================================
     >>> สรุปผลการทำแบบฝึกหัด <<<
  ===========================================================================
     รายการแบบฝึกหัด:
  ---------------------------------------------------------------------------
   [[OK]] หน้า 1   |  ผ่าน      |  คะแนน 100/100  |  เวลาที่ใช้ 14.79s
   [[OK]] หน้า 2   |  ผ่าน      |  คะแนน 100/100  |  เวลาที่ใช้ 22.85s
   [[OK]] หน้า 3   |  ผ่าน      |  คะแนน 100/100  |  เวลาที่ใช้ 14.94s
   [[OK]] หน้า 4   |  ผ่าน      |  คะแนน 100/100  |  เวลาที่ใช้ 27.06s
  ---------------------------------------------------------------------------
     ผ่านทั้งหมด : 4
     เวลารวม : 79.64 s
  ===========================================================================
2026-09-26 20:50:07 - INFO - [REPORT] Saved: reports\What_s_been_going_on_20260926_205007.json
  [INFO] Done.
2026-09-26 20:50:07 - INFO - INFO: Done.
  [ OK ] Completion modal detected (after 0.0s)
2026-09-26 20:50:07 - INFO - OK: Completion modal detected (after 0.0s)
  [ OK ] Clicked [เรียนรู้ต่อ (Continue)]
2026-09-26 20:50:07 - INFO - OK: Clicked [เรียนรู้ต่อ (Continue)]
  [ OK ] Moving on (Continue)...
2026-09-26 20:50:08 - INFO - OK: Moving on (Continue)...
2026-09-26 20:50:11 - INFO - [TOTAL] Found 5 pages via .exercises-large-navigation.visible-lg li (attempt 1/2)
  [ OK ] New exercise loaded: Before and after (5 pages)
2026-09-26 20:50:11 - INFO - OK: New exercise loaded: Before and after (5 pages)
  [INFO] พบทั้งหมด 5 หน้า
2026-09-26 20:50:11 - INFO - INFO: พบทั้งหมด 5 หน้า
  [PAGE] หน้า 1/5 | ประเภท: type-drag-drop
2026-09-26 20:50:12 - INFO - PAGE: หน้า 1/5 | ประเภท: type-drag-drop
2026-09-26 20:50:12 - INFO - [FORCE] Page 1: force_solve=True — skipping early-pass check
2026-09-26 20:50:12 - INFO - === Drag & Drop Solver Started ===
    >> Clicked [Correction]
2026-09-26 20:50:13 - INFO - STEP: Clicked [Correction]
    >> Clicked [Solution]
2026-09-26 20:50:15 - INFO - STEP: Clicked [Solution]
    >> Clicked [Repeat]
2026-09-26 20:50:17 - INFO - STEP: Clicked [Repeat]
    >> Extracted 4 drag/drop answers
2026-09-26 20:50:19 - INFO - STEP: Extracted 4 drag/drop answers
    >> Placed 4 drag/drop tiles (attempt 1)
2026-09-26 20:50:29 - INFO - STEP: Placed 4 drag/drop tiles (attempt 1)
    >> Clicked [Correction]
2026-09-26 20:50:29 - INFO - STEP: Clicked [Correction]
2026-09-26 20:50:32 - INFO - Drag/drop completed in 20.27s
  [>>  ] หน้า 1: สำเร็จ (100) | 20.27s
2026-09-26 20:50:33 - INFO - RESULT: หน้า 1: สำเร็จ (100) | 20.27s
  [PAGE] หน้า 2/5 | ประเภท: type-toggle-solution
2026-09-26 20:50:36 - INFO - PAGE: หน้า 2/5 | ประเภท: type-toggle-solution
2026-09-26 20:50:36 - INFO - [FORCE] Page 2: force_solve=True — skipping early-pass check
2026-09-26 20:50:36 - INFO - === Toggle Solution Solver ===
    >> Clicked [Correction]
2026-09-26 20:50:36 - INFO - STEP: Clicked [Correction]
    >> Clicked [Solution]
2026-09-26 20:50:39 - INFO - STEP: Clicked [Solution]
    >> Clicked [Repeat]
2026-09-26 20:50:42 - INFO - STEP: Clicked [Repeat]
    >> Clicked [Correction]
2026-09-26 20:50:50 - INFO - STEP: Clicked [Correction]
  [>>  ] หน้า 2: สำเร็จ (100) | 17.83s
2026-09-26 20:50:54 - INFO - RESULT: หน้า 2: สำเร็จ (100) | 17.83s
  [PAGE] หน้า 3/5 | ประเภท: type-drag-drop
2026-09-26 20:50:57 - INFO - PAGE: หน้า 3/5 | ประเภท: type-drag-drop
2026-09-26 20:50:57 - INFO - [FORCE] Page 3: force_solve=True — skipping early-pass check
2026-09-26 20:50:57 - INFO - === Drag & Drop Solver Started ===
    >> Clicked [Correction]
2026-09-26 20:50:57 - INFO - STEP: Clicked [Correction]
    >> Clicked [Solution]
2026-09-26 20:51:00 - INFO - STEP: Clicked [Solution]
    >> Clicked [Repeat]
2026-09-26 20:51:02 - INFO - STEP: Clicked [Repeat]
    >> Extracted 4 drag/drop answers
2026-09-26 20:51:04 - INFO - STEP: Extracted 4 drag/drop answers
    >> Placed 4 drag/drop tiles (attempt 1)
2026-09-26 20:51:14 - INFO - STEP: Placed 4 drag/drop tiles (attempt 1)
    >> Clicked [Correction]
2026-09-26 20:51:14 - INFO - STEP: Clicked [Correction]
2026-09-26 20:51:17 - INFO - Drag/drop completed in 20.26s
  [>>  ] หน้า 3: สำเร็จ (100) | 20.26s
2026-09-26 20:51:18 - INFO - RESULT: หน้า 3: สำเร็จ (100) | 20.26s
  [PAGE] หน้า 4/5 | ประเภท: type-answer
2026-09-26 20:51:21 - INFO - PAGE: หน้า 4/5 | ประเภท: type-answer
2026-09-26 20:51:21 - INFO - [FORCE] Page 4: force_solve=True — skipping early-pass check
2026-09-26 20:51:21 - INFO - === Answer Solver ===
    >> Clicked [Correction]
2026-09-26 20:51:21 - INFO - STEP: Clicked [Correction]
    >> Clicked [Solution]
2026-09-26 20:51:24 - INFO - STEP: Clicked [Solution]
    >> Extracted 8 answers: ['did', 'spend', 'has belonged', 'have been traveling', 'went', 'have been coming', 'Did', 'enjoy']
2026-09-26 20:51:27 - INFO - STEP: Extracted 8 answers: ['did', 'spend', 'has belonged', 'have been traveling', 'went', 'have been coming', 'Did', 'enjoy']
    >> Clicked [Repeat]
2026-09-26 20:51:27 - INFO - STEP: Clicked [Repeat]
2026-09-26 20:51:31 - INFO - --- Iteration 1/10 | Score: 0 ---
    >> Clicked [Correction]
2026-09-26 20:51:32 - INFO - STEP: Clicked [Correction]
2026-09-26 20:51:36 - INFO - --- Iteration 2/10 | Score: 100 ---
  [>>  ] หน้า 4: สำเร็จ (100) | 15.17s
2026-09-26 20:51:37 - INFO - RESULT: หน้า 4: สำเร็จ (100) | 15.17s
  [PAGE] หน้า 5/5 | ประเภท: type-video
2026-09-26 20:51:39 - INFO - PAGE: หน้า 5/5 | ประเภท: type-video
2026-09-26 20:51:39 - INFO - === Video Solver Started ===
    >> Video action: seeked-and-played
2026-09-26 20:51:39 - INFO - STEP: Video action: seeked-and-played
2026-09-26 20:51:43 - INFO - Video done. Time: 4.01s
  [>>  ] หน้า 5: สำเร็จ (video) | 4.01s
2026-09-26 20:51:43 - INFO - RESULT: หน้า 5: สำเร็จ (video) | 4.01s

  ===========================================================================
     >>> สรุปผลการทำแบบฝึกหัด <<<
  ===========================================================================
     รายการแบบฝึกหัด:
  ---------------------------------------------------------------------------
   [[OK]] หน้า 1   |  ผ่าน      |  คะแนน 100/100  |  เวลาที่ใช้ 20.27s
   [[OK]] หน้า 2   |  ผ่าน      |  คะแนน 100/100  |  เวลาที่ใช้ 17.83s
   [[OK]] หน้า 3   |  ผ่าน      |  คะแนน 100/100  |  เวลาที่ใช้ 20.26s
   [[OK]] หน้า 4   |  ผ่าน      |  คะแนน 100/100  |  เวลาที่ใช้ 15.17s
   [[OK]] หน้า 5   |  ผ่าน      |  คะแนน 100/100  |  เวลาที่ใช้ 4.01s
  ---------------------------------------------------------------------------
     ผ่านทั้งหมด : 5
     เวลารวม : 77.54 s
  ===========================================================================
2026-09-26 20:51:44 - INFO - [REPORT] Saved: reports\Before_and_after_20260926_205144.json
  [INFO] Done.
2026-09-26 20:51:44 - INFO - INFO: Done.
  [ OK ] Completion modal detected (after 0.0s)
2026-09-26 20:51:44 - INFO - OK: Completion modal detected (after 0.0s)
  [ OK ] Clicked [เรียนรู้ต่อ (Continue)]
2026-09-26 20:51:44 - INFO - OK: Clicked [เรียนรู้ต่อ (Continue)]
  [ OK ] Moving on (Continue)...
2026-09-26 20:51:46 - INFO - OK: Moving on (Continue)...
2026-09-26 20:51:48 - INFO - [TOTAL] Found 15 pages via .exercises-large-navigation.visible-lg li (attempt 1/2)
  [ OK ] New exercise loaded: How long has it been? (15 pages)
2026-09-26 20:51:48 - INFO - OK: New exercise loaded: How long has it been? (15 pages)
  [INFO] พบทั้งหมด 15 หน้า
2026-09-26 20:51:48 - INFO - INFO: พบทั้งหมด 15 หน้า
  [PAGE] หน้า 1/15 | ประเภท: type-single-item-pronunciation
2026-09-26 20:51:49 - INFO - PAGE: หน้า 1/15 | ประเภท: type-single-item-pronunciation
2026-09-26 20:51:49 - INFO - [FORCE] Page 1: force_solve=True — skipping early-pass check
2026-09-26 20:51:49 - INFO - === Pronunciation Solver ===
    >> Recording item 1...
2026-09-26 20:51:50 - INFO - STEP: Recording item 1...
    >> Mic started
2026-09-26 20:51:51 - INFO - STEP: Mic started
    >> Recording duration: 4.1s
2026-09-26 20:51:51 - INFO - STEP: Recording duration: 4.1s
    >> Mic stopped
2026-09-26 20:51:55 - INFO - STEP: Mic stopped
    >> Checking pronunciation batch...
2026-09-26 20:51:56 - INFO - STEP: Checking pronunciation batch...
    >> Clicked [Correction]
2026-09-26 20:51:56 - INFO - STEP: Clicked [Correction]
    >> Result: 92/100 | Failed items: 0 | Unscored: 0
2026-09-26 20:52:00 - INFO - STEP: Result: 92/100 | Failed items: 0 | Unscored: 0
2026-09-26 20:52:00 - INFO - Pronunciation SUCCESS! Time: 10.86s | Score: 92
  [>>  ] หน้า 1: สำเร็จ (92) | 10.86s
2026-09-26 20:52:01 - INFO - RESULT: หน้า 1: สำเร็จ (92) | 10.86s
  [PAGE] หน้า 2/15 | ประเภท: type-single-item-pronunciation
2026-09-26 20:52:04 - INFO - PAGE: หน้า 2/15 | ประเภท: type-single-item-pronunciation
2026-09-26 20:52:04 - INFO - [FORCE] Page 2: force_solve=True — skipping early-pass check
2026-09-26 20:52:04 - INFO - === Pronunciation Solver ===
    >> Recording item 1...
2026-09-26 20:52:04 - INFO - STEP: Recording item 1...
    >> Mic started
2026-09-26 20:52:05 - INFO - STEP: Mic started
    >> Recording duration: 4.6s
2026-09-26 20:52:06 - INFO - STEP: Recording duration: 4.6s
    >> Mic stopped
2026-09-26 20:52:10 - INFO - STEP: Mic stopped
    >> Checking pronunciation batch...
2026-09-26 20:52:11 - INFO - STEP: Checking pronunciation batch...
    >> Clicked [Correction]
2026-09-26 20:52:11 - INFO - STEP: Clicked [Correction]
    >> Result: 88/100 | Failed items: 0 | Unscored: 0
2026-09-26 20:52:15 - INFO - STEP: Result: 88/100 | Failed items: 0 | Unscored: 0
2026-09-26 20:52:15 - INFO - Pronunciation SUCCESS! Time: 11.37s | Score: 88
  [>>  ] หน้า 2: สำเร็จ (88) | 11.37s
2026-09-26 20:52:16 - INFO - RESULT: หน้า 2: สำเร็จ (88) | 11.37s
  [PAGE] หน้า 3/15 | ประเภท: type-single-item-pronunciation
2026-09-26 20:52:18 - INFO - PAGE: หน้า 3/15 | ประเภท: type-single-item-pronunciation
2026-09-26 20:52:18 - INFO - [FORCE] Page 3: force_solve=True — skipping early-pass check
2026-09-26 20:52:18 - INFO - === Pronunciation Solver ===
    >> Recording item 1...
2026-09-26 20:52:19 - INFO - STEP: Recording item 1...
    >> Mic started
2026-09-26 20:52:20 - INFO - STEP: Mic started
    >> Recording duration: 6.4s
2026-09-26 20:52:21 - INFO - STEP: Recording duration: 6.4s
    >> Mic stopped
2026-09-26 20:52:27 - INFO - STEP: Mic stopped
    >> Checking pronunciation batch...
2026-09-26 20:52:28 - INFO - STEP: Checking pronunciation batch...
    >> Clicked [Correction]
2026-09-26 20:52:28 - INFO - STEP: Clicked [Correction]
    >> Result: 91/100 | Failed items: 0 | Unscored: 0
2026-09-26 20:52:32 - INFO - STEP: Result: 91/100 | Failed items: 0 | Unscored: 0
2026-09-26 20:52:32 - INFO - Pronunciation SUCCESS! Time: 13.66s | Score: 91
  [>>  ] หน้า 3: สำเร็จ (91) | 13.66s
2026-09-26 20:52:33 - INFO - RESULT: หน้า 3: สำเร็จ (91) | 13.66s
  [PAGE] หน้า 4/15 | ประเภท: type-single-item-pronunciation
2026-09-26 20:52:35 - INFO - PAGE: หน้า 4/15 | ประเภท: type-single-item-pronunciation
2026-09-26 20:52:35 - INFO - [FORCE] Page 4: force_solve=True — skipping early-pass check
2026-09-26 20:52:35 - INFO - === Pronunciation Solver ===
    >> Recording item 1...
2026-09-26 20:52:36 - INFO - STEP: Recording item 1...
    >> Mic started
2026-09-26 20:52:37 - INFO - STEP: Mic started
    >> Recording duration: 4.2s
2026-09-26 20:52:37 - INFO - STEP: Recording duration: 4.2s
    >> Mic stopped
2026-09-26 20:52:42 - INFO - STEP: Mic stopped
    >> Checking pronunciation batch...
2026-09-26 20:52:42 - INFO - STEP: Checking pronunciation batch...
    >> Clicked [Correction]
2026-09-26 20:52:42 - INFO - STEP: Clicked [Correction]
    >> Result: 87/100 | Failed items: 0 | Unscored: 0
2026-09-26 20:52:46 - INFO - STEP: Result: 87/100 | Failed items: 0 | Unscored: 0
2026-09-26 20:52:46 - INFO - Pronunciation SUCCESS! Time: 10.99s | Score: 87
  [>>  ] หน้า 4: สำเร็จ (87) | 10.99s
2026-09-26 20:52:47 - INFO - RESULT: หน้า 4: สำเร็จ (87) | 10.99s
  [PAGE] หน้า 5/15 | ประเภท: type-single-item-pronunciation
2026-09-26 20:52:50 - INFO - PAGE: หน้า 5/15 | ประเภท: type-single-item-pronunciation
2026-09-26 20:52:50 - INFO - [FORCE] Page 5: force_solve=True — skipping early-pass check
2026-09-26 20:52:50 - INFO - === Pronunciation Solver ===
    >> Recording item 1...
2026-09-26 20:52:50 - INFO - STEP: Recording item 1...
    >> Mic started
2026-09-26 20:52:52 - INFO - STEP: Mic started
    >> Recording duration: 5.8s
2026-09-26 20:52:52 - INFO - STEP: Recording duration: 5.8s
    >> Mic stopped
2026-09-26 20:52:58 - INFO - STEP: Mic stopped
    >> Checking pronunciation batch...
2026-09-26 20:52:59 - INFO - STEP: Checking pronunciation batch...
    >> Clicked [Correction]
2026-09-26 20:52:59 - INFO - STEP: Clicked [Correction]
    >> Result: 93/100 | Failed items: 0 | Unscored: 0
2026-09-26 20:53:03 - INFO - STEP: Result: 93/100 | Failed items: 0 | Unscored: 0
2026-09-26 20:53:03 - INFO - Pronunciation SUCCESS! Time: 13.21s | Score: 93
  [>>  ] หน้า 5: สำเร็จ (93) | 13.21s
2026-09-26 20:53:04 - INFO - RESULT: หน้า 5: สำเร็จ (93) | 13.21s
  [PAGE] หน้า 6/15 | ประเภท: type-single-item-pronunciation
2026-09-26 20:53:07 - INFO - PAGE: หน้า 6/15 | ประเภท: type-single-item-pronunciation
2026-09-26 20:53:07 - INFO - [FORCE] Page 6: force_solve=True — skipping early-pass check
2026-09-26 20:53:07 - INFO - === Pronunciation Solver ===
    >> Recording item 1...
2026-09-26 20:53:07 - INFO - STEP: Recording item 1...
    >> Mic started
2026-09-26 20:53:09 - INFO - STEP: Mic started
    >> Recording duration: 4.0s
2026-09-26 20:53:09 - INFO - STEP: Recording duration: 4.0s
    >> Mic stopped
2026-09-26 20:53:13 - INFO - STEP: Mic stopped
    >> Checking pronunciation batch...
2026-09-26 20:53:14 - INFO - STEP: Checking pronunciation batch...
    >> Clicked [Correction]
2026-09-26 20:53:14 - INFO - STEP: Clicked [Correction]
    >> Result: 86/100 | Failed items: 0 | Unscored: 0
2026-09-26 20:53:18 - INFO - STEP: Result: 86/100 | Failed items: 0 | Unscored: 0
2026-09-26 20:53:18 - INFO - Pronunciation SUCCESS! Time: 11.58s | Score: 86
  [>>  ] หน้า 6: สำเร็จ (86) | 11.58s
2026-09-26 20:53:19 - INFO - RESULT: หน้า 6: สำเร็จ (86) | 11.58s
  [PAGE] หน้า 7/15 | ประเภท: type-single-item-pronunciation
2026-09-26 20:53:22 - INFO - PAGE: หน้า 7/15 | ประเภท: type-single-item-pronunciation
2026-09-26 20:53:22 - INFO - [FORCE] Page 7: force_solve=True — skipping early-pass check
2026-09-26 20:53:22 - INFO - === Pronunciation Solver ===
    >> Recording item 1...
2026-09-26 20:53:22 - INFO - STEP: Recording item 1...
    >> Mic started
2026-09-26 20:53:25 - INFO - STEP: Mic started
    >> Recording duration: 3.7s
2026-09-26 20:53:25 - INFO - STEP: Recording duration: 3.7s
    >> Mic stopped
2026-09-26 20:53:29 - INFO - STEP: Mic stopped
    >> Checking pronunciation batch...
2026-09-26 20:53:29 - INFO - STEP: Checking pronunciation batch...
    >> Clicked [Correction]
2026-09-26 20:53:30 - INFO - STEP: Clicked [Correction]
    >> Result: 92/100 | Failed items: 0 | Unscored: 0
2026-09-26 20:53:34 - INFO - STEP: Result: 92/100 | Failed items: 0 | Unscored: 0
2026-09-26 20:53:34 - INFO - Pronunciation SUCCESS! Time: 12.26s | Score: 92
  [>>  ] หน้า 7: สำเร็จ (92) | 12.26s
2026-09-26 20:53:35 - INFO - RESULT: หน้า 7: สำเร็จ (92) | 12.26s
  [PAGE] หน้า 8/15 | ประเภท: type-single-item-pronunciation
2026-09-26 20:53:37 - INFO - PAGE: หน้า 8/15 | ประเภท: type-single-item-pronunciation
2026-09-26 20:53:37 - INFO - [FORCE] Page 8: force_solve=True — skipping early-pass check
2026-09-26 20:53:37 - INFO - === Pronunciation Solver ===
    >> Recording item 1...
2026-09-26 20:53:38 - INFO - STEP: Recording item 1...
    >> Mic started
2026-09-26 20:53:39 - INFO - STEP: Mic started
    >> Recording duration: 3.5s
2026-09-26 20:53:39 - INFO - STEP: Recording duration: 3.5s
    >> Mic stopped
2026-09-26 20:53:43 - INFO - STEP: Mic stopped
    >> Checking pronunciation batch...
2026-09-26 20:53:44 - INFO - STEP: Checking pronunciation batch...
    >> Clicked [Correction]
2026-09-26 20:53:44 - INFO - STEP: Clicked [Correction]
    >> Result: 85/100 | Failed items: 0 | Unscored: 0
2026-09-26 20:53:49 - INFO - STEP: Result: 85/100 | Failed items: 0 | Unscored: 0
2026-09-26 20:53:49 - INFO - Pronunciation SUCCESS! Time: 11.11s | Score: 85
  [>>  ] หน้า 8: สำเร็จ (85) | 11.11s
2026-09-26 20:53:49 - INFO - RESULT: หน้า 8: สำเร็จ (85) | 11.11s
  [PAGE] หน้า 9/15 | ประเภท: type-single-item-pronunciation
2026-09-26 20:53:52 - INFO - PAGE: หน้า 9/15 | ประเภท: type-single-item-pronunciation
2026-09-26 20:53:52 - INFO - [FORCE] Page 9: force_solve=True — skipping early-pass check
2026-09-26 20:53:52 - INFO - === Pronunciation Solver ===
    >> Recording item 1...
2026-09-26 20:53:53 - INFO - STEP: Recording item 1...
    >> Mic started
2026-09-26 20:53:54 - INFO - STEP: Mic started
    >> Recording duration: 5.3s
2026-09-26 20:53:55 - INFO - STEP: Recording duration: 5.3s
    >> Mic stopped
2026-09-26 20:54:00 - INFO - STEP: Mic stopped
    >> Checking pronunciation batch...
2026-09-26 20:54:01 - INFO - STEP: Checking pronunciation batch...
    >> Clicked [Correction]
2026-09-26 20:54:01 - INFO - STEP: Clicked [Correction]
    >> Result: 93/100 | Failed items: 0 | Unscored: 0
2026-09-26 20:54:05 - INFO - STEP: Result: 93/100 | Failed items: 0 | Unscored: 0
2026-09-26 20:54:05 - INFO - Pronunciation SUCCESS! Time: 12.94s | Score: 93
  [>>  ] หน้า 9: สำเร็จ (93) | 12.94s
2026-09-26 20:54:06 - INFO - RESULT: หน้า 9: สำเร็จ (93) | 12.94s
  [PAGE] หน้า 10/15 | ประเภท: type-single-item-pronunciation
2026-09-26 20:54:09 - INFO - PAGE: หน้า 10/15 | ประเภท: type-single-item-pronunciation
2026-09-26 20:54:09 - INFO - [FORCE] Page 10: force_solve=True — skipping early-pass check
2026-09-26 20:54:09 - INFO - === Pronunciation Solver ===
    >> Recording item 1...
2026-09-26 20:54:09 - INFO - STEP: Recording item 1...
    >> Mic started
2026-09-26 20:54:11 - INFO - STEP: Mic started
    >> Recording duration: 5.4s
2026-09-26 20:54:11 - INFO - STEP: Recording duration: 5.4s
    >> Mic stopped
2026-09-26 20:54:16 - INFO - STEP: Mic stopped
    >> Checking pronunciation batch...
2026-09-26 20:54:17 - INFO - STEP: Checking pronunciation batch...
    >> Clicked [Correction]
2026-09-26 20:54:17 - INFO - STEP: Clicked [Correction]
    >> Result: 96/100 | Failed items: 0 | Unscored: 0
2026-09-26 20:54:21 - INFO - STEP: Result: 96/100 | Failed items: 0 | Unscored: 0
2026-09-26 20:54:21 - INFO - Pronunciation SUCCESS! Time: 12.50s | Score: 96
  [>>  ] หน้า 10: สำเร็จ (96) | 12.50s
2026-09-26 20:54:22 - INFO - RESULT: หน้า 10: สำเร็จ (96) | 12.50s
  [PAGE] หน้า 11/15 | ประเภท: type-single-item-pronunciation
2026-09-26 20:54:25 - INFO - PAGE: หน้า 11/15 | ประเภท: type-single-item-pronunciation
2026-09-26 20:54:25 - INFO - [FORCE] Page 11: force_solve=True — skipping early-pass check
2026-09-26 20:54:25 - INFO - === Pronunciation Solver ===
    >> Recording item 1...
2026-09-26 20:54:25 - INFO - STEP: Recording item 1...
    >> Mic started
2026-09-26 20:54:26 - INFO - STEP: Mic started
    >> Recording duration: 4.4s
2026-09-26 20:54:27 - INFO - STEP: Recording duration: 4.4s
    >> Mic stopped
2026-09-26 20:54:31 - INFO - STEP: Mic stopped
    >> Checking pronunciation batch...
2026-09-26 20:54:32 - INFO - STEP: Checking pronunciation batch...
    >> Clicked [Correction]
2026-09-26 20:54:32 - INFO - STEP: Clicked [Correction]
    >> Result: 88/100 | Failed items: 0 | Unscored: 0
2026-09-26 20:54:36 - INFO - STEP: Result: 88/100 | Failed items: 0 | Unscored: 0
2026-09-26 20:54:36 - INFO - Pronunciation SUCCESS! Time: 11.44s | Score: 88
  [>>  ] หน้า 11: สำเร็จ (88) | 11.44s
2026-09-26 20:54:37 - INFO - RESULT: หน้า 11: สำเร็จ (88) | 11.44s
  [PAGE] หน้า 12/15 | ประเภท: type-single-item-pronunciation
2026-09-26 20:54:40 - INFO - PAGE: หน้า 12/15 | ประเภท: type-single-item-pronunciation
2026-09-26 20:54:40 - INFO - [FORCE] Page 12: force_solve=True — skipping early-pass check
2026-09-26 20:54:40 - INFO - === Pronunciation Solver ===
    >> Recording item 1...
2026-09-26 20:54:40 - INFO - STEP: Recording item 1...
    >> Mic started
2026-09-26 20:54:42 - INFO - STEP: Mic started
    >> Recording duration: 5.5s
2026-09-26 20:54:43 - INFO - STEP: Recording duration: 5.5s
    >> Mic stopped
2026-09-26 20:54:48 - INFO - STEP: Mic stopped
    >> Checking pronunciation batch...
2026-09-26 20:54:49 - INFO - STEP: Checking pronunciation batch...
    >> Clicked [Correction]
2026-09-26 20:54:49 - INFO - STEP: Clicked [Correction]
    >> Result: 82/100 | Failed items: 0 | Unscored: 0
2026-09-26 20:54:53 - INFO - STEP: Result: 82/100 | Failed items: 0 | Unscored: 0
2026-09-26 20:54:53 - INFO - Pronunciation SUCCESS! Time: 13.53s | Score: 82
  [>>  ] หน้า 12: สำเร็จ (82) | 13.53s
2026-09-26 20:54:54 - INFO - RESULT: หน้า 12: สำเร็จ (82) | 13.53s
  [PAGE] หน้า 13/15 | ประเภท: type-single-item-pronunciation
2026-09-26 20:54:57 - INFO - PAGE: หน้า 13/15 | ประเภท: type-single-item-pronunciation
2026-09-26 20:54:57 - INFO - [FORCE] Page 13: force_solve=True — skipping early-pass check
2026-09-26 20:54:57 - INFO - === Pronunciation Solver ===
    >> Recording item 1...
2026-09-26 20:54:57 - INFO - STEP: Recording item 1...
    >> Mic started
2026-09-26 20:54:59 - INFO - STEP: Mic started
    >> Recording duration: 5.8s
2026-09-26 20:55:00 - INFO - STEP: Recording duration: 5.8s
    >> Mic stopped
2026-09-26 20:55:06 - INFO - STEP: Mic stopped
    >> Checking pronunciation batch...
2026-09-26 20:55:06 - INFO - STEP: Checking pronunciation batch...
    >> Clicked [Correction]
2026-09-26 20:55:06 - INFO - STEP: Clicked [Correction]
    >> Result: 86/100 | Failed items: 0 | Unscored: 0
2026-09-26 20:55:11 - INFO - STEP: Result: 86/100 | Failed items: 0 | Unscored: 0
2026-09-26 20:55:11 - INFO - Pronunciation SUCCESS! Time: 13.83s | Score: 86
  [>>  ] หน้า 13: สำเร็จ (86) | 13.83s
2026-09-26 20:55:12 - INFO - RESULT: หน้า 13: สำเร็จ (86) | 13.83s
  [PAGE] หน้า 14/15 | ประเภท: type-single-item-pronunciation
2026-09-26 20:55:14 - INFO - PAGE: หน้า 14/15 | ประเภท: type-single-item-pronunciation
2026-09-26 20:55:14 - INFO - [FORCE] Page 14: force_solve=True — skipping early-pass check
2026-09-26 20:55:14 - INFO - === Pronunciation Solver ===
    >> Recording item 1...
2026-09-26 20:55:15 - INFO - STEP: Recording item 1...
    >> Mic started
2026-09-26 20:55:18 - INFO - STEP: Mic started
    >> Recording duration: 6.2s
2026-09-26 20:55:19 - INFO - STEP: Recording duration: 6.2s
    >> Mic stopped
2026-09-26 20:55:25 - INFO - STEP: Mic stopped
    >> Checking pronunciation batch...
2026-09-26 20:55:25 - INFO - STEP: Checking pronunciation batch...
    >> Clicked [Correction]
2026-09-26 20:55:26 - INFO - STEP: Clicked [Correction]
    >> Result: 85/100 | Failed items: 0 | Unscored: 0
2026-09-26 20:55:30 - INFO - STEP: Result: 85/100 | Failed items: 0 | Unscored: 0
2026-09-26 20:55:30 - INFO - Pronunciation SUCCESS! Time: 15.56s | Score: 85
  [>>  ] หน้า 14: สำเร็จ (85) | 15.56s
2026-09-26 20:55:31 - INFO - RESULT: หน้า 14: สำเร็จ (85) | 15.56s
  [PAGE] หน้า 15/15 | ประเภท: type-single-item-pronunciation
2026-09-26 20:55:33 - INFO - PAGE: หน้า 15/15 | ประเภท: type-single-item-pronunciation
2026-09-26 20:55:33 - INFO - [FORCE] Page 15: force_solve=True — skipping early-pass check
2026-09-26 20:55:33 - INFO - === Pronunciation Solver ===
    >> Recording item 1...
2026-09-26 20:55:34 - INFO - STEP: Recording item 1...
    >> Mic started
2026-09-26 20:55:35 - INFO - STEP: Mic started
    >> Recording duration: 4.0s
2026-09-26 20:55:36 - INFO - STEP: Recording duration: 4.0s
    >> Mic stopped
2026-09-26 20:55:40 - INFO - STEP: Mic stopped
    >> Checking pronunciation batch...
2026-09-26 20:55:40 - INFO - STEP: Checking pronunciation batch...
    >> Clicked [Correction]
2026-09-26 20:55:40 - INFO - STEP: Clicked [Correction]
    >> Result: 93/100 | Failed items: 0 | Unscored: 0
2026-09-26 20:55:45 - INFO - STEP: Result: 93/100 | Failed items: 0 | Unscored: 0
2026-09-26 20:55:45 - INFO - Pronunciation SUCCESS! Time: 11.34s | Score: 93
  [>>  ] หน้า 15: สำเร็จ (93) | 11.34s
2026-09-26 20:55:45 - INFO - RESULT: หน้า 15: สำเร็จ (93) | 11.34s

  ===========================================================================
     >>> สรุปผลการทำแบบฝึกหัด <<<
  ===========================================================================
     รายการแบบฝึกหัด:
  ---------------------------------------------------------------------------
   [[OK]] หน้า 1   |  ผ่าน      |  คะแนน  92/100  |  เวลาที่ใช้ 10.86s
   [[OK]] หน้า 2   |  ผ่าน      |  คะแนน  88/100  |  เวลาที่ใช้ 11.37s
   [[OK]] หน้า 3   |  ผ่าน      |  คะแนน  91/100  |  เวลาที่ใช้ 13.66s
   [[OK]] หน้า 4   |  ผ่าน      |  คะแนน  87/100  |  เวลาที่ใช้ 10.99s
   [[OK]] หน้า 5   |  ผ่าน      |  คะแนน  93/100  |  เวลาที่ใช้ 13.21s
   [[OK]] หน้า 6   |  ผ่าน      |  คะแนน  86/100  |  เวลาที่ใช้ 11.58s
   [[OK]] หน้า 7   |  ผ่าน      |  คะแนน  92/100  |  เวลาที่ใช้ 12.26s
   [[OK]] หน้า 8   |  ผ่าน      |  คะแนน  85/100  |  เวลาที่ใช้ 11.11s
   [[OK]] หน้า 9   |  ผ่าน      |  คะแนน  93/100  |  เวลาที่ใช้ 12.94s
   [[OK]] หน้า 10  |  ผ่าน      |  คะแนน  96/100  |  เวลาที่ใช้ 12.50s
   [[OK]] หน้า 11  |  ผ่าน      |  คะแนน  88/100  |  เวลาที่ใช้ 11.44s
   [[OK]] หน้า 12  |  ผ่าน      |  คะแนน  82/100  |  เวลาที่ใช้ 13.53s
   [[OK]] หน้า 13  |  ผ่าน      |  คะแนน  86/100  |  เวลาที่ใช้ 13.83s
   [[OK]] หน้า 14  |  ผ่าน      |  คะแนน  85/100  |  เวลาที่ใช้ 15.56s
   [[OK]] หน้า 15  |  ผ่าน      |  คะแนน  93/100  |  เวลาที่ใช้ 11.34s
  ---------------------------------------------------------------------------
     ผ่านทั้งหมด : 15
     เวลารวม : 186.18 s
  ===========================================================================
2026-09-26 20:55:47 - INFO - [REPORT] Saved: reports\How_long_has_it_been_20260926_205547.json
  [INFO] Done.
2026-09-26 20:55:47 - INFO - INFO: Done.
  [ OK ] Completion modal detected (after 0.0s)
2026-09-26 20:55:47 - INFO - OK: Completion modal detected (after 0.0s)
  [ OK ] Clicked [เรียนรู้ต่อ (Continue)]
2026-09-26 20:55:47 - INFO - OK: Clicked [เรียนรู้ต่อ (Continue)]
  [ OK ] Moving on (Continue)...
2026-09-26 20:55:48 - INFO - OK: Moving on (Continue)...
2026-09-26 20:55:50 - INFO - [TOTAL] Found 5 pages via .exercises-large-navigation.visible-lg li (attempt 1/2)
  [ OK ] New exercise loaded: The house (5 pages)
2026-09-26 20:55:50 - INFO - OK: New exercise loaded: The house (5 pages)
  [INFO] พบทั้งหมด 5 หน้า
2026-09-26 20:55:50 - INFO - INFO: พบทั้งหมด 5 หน้า
  [PAGE] หน้า 1/5 | ประเภท: type-drag-drop
2026-09-26 20:55:52 - INFO - PAGE: หน้า 1/5 | ประเภท: type-drag-drop
2026-09-26 20:55:52 - INFO - [FORCE] Page 1: force_solve=True — skipping early-pass check
2026-09-26 20:55:52 - INFO - === Drag & Drop Solver Started ===
    >> Clicked [Correction]
2026-09-26 20:55:52 - INFO - STEP: Clicked [Correction]
    >> Clicked [Solution]
2026-09-26 20:55:54 - INFO - STEP: Clicked [Solution]
    >> Clicked [Repeat]
2026-09-26 20:55:56 - INFO - STEP: Clicked [Repeat]
    >> Extracted 8 drag/drop answers
2026-09-26 20:55:58 - INFO - STEP: Extracted 8 drag/drop answers
    >> Placed 8 drag/drop tiles (attempt 1)
2026-09-26 20:56:19 - INFO - STEP: Placed 8 drag/drop tiles (attempt 1)
    >> Clicked [Correction]
2026-09-26 20:56:19 - INFO - STEP: Clicked [Correction]
2026-09-26 20:56:23 - WARNING - No draggable tile found for slot 0: 'roof'
2026-09-26 20:56:43 - WARNING - No draggable tile found for slot 2: 'wall'
2026-09-26 20:56:43 - WARNING - No draggable tile found for slot 3: 'balcony'
2026-09-26 20:56:43 - WARNING - No draggable tile found for slot 4: 'window'
2026-09-26 20:56:43 - WARNING - No draggable tile found for slot 5: 'stairs'
2026-09-26 20:56:43 - WARNING - No draggable tile found for slot 6: 'door'
2026-09-26 20:56:43 - WARNING - No draggable tile found for slot 7: 'garage'
    >> Placed 1 drag/drop tiles (attempt 2)
2026-09-26 20:56:43 - INFO - STEP: Placed 1 drag/drop tiles (attempt 2)
    >> Clicked [Correction]
2026-09-26 20:56:43 - INFO - STEP: Clicked [Correction]
2026-09-26 20:56:47 - WARNING - No draggable tile found for slot 0: 'roof'
2026-09-26 20:56:47 - WARNING - No draggable tile found for slot 1: 'chimney'
2026-09-26 20:56:47 - WARNING - No draggable tile found for slot 2: 'wall'
2026-09-26 20:56:47 - WARNING - No draggable tile found for slot 3: 'balcony'
2026-09-26 20:56:47 - WARNING - No draggable tile found for slot 4: 'window'
2026-09-26 20:56:47 - WARNING - No draggable tile found for slot 5: 'stairs'
    >> Placed 0 drag/drop tiles (attempt 3)
2026-09-26 20:56:47 - INFO - STEP: Placed 0 drag/drop tiles (attempt 3)
    >> Clicked [Correction]
2026-09-26 20:56:47 - INFO - STEP: Clicked [Correction]
2026-09-26 20:56:50 - INFO - Drag/drop completed in 58.50s
  [>>  ] หน้า 1: สำเร็จ (100) | 58.51s
2026-09-26 20:56:51 - INFO - RESULT: หน้า 1: สำเร็จ (100) | 58.51s
  [PAGE] หน้า 2/5 | ประเภท: type-picture-choice
2026-09-26 20:56:54 - INFO - PAGE: หน้า 2/5 | ประเภท: type-picture-choice
2026-09-26 20:56:54 - INFO - [FORCE] Page 2: force_solve=True — skipping early-pass check
2026-09-26 20:56:54 - INFO - === Picture Choice Solver ===
    >> Clicked [Correction]
2026-09-26 20:56:54 - INFO - STEP: Clicked [Correction]
    >> Clicked [Solution]
2026-09-26 20:56:58 - INFO - STEP: Clicked [Solution]
    >> Clicked [Repeat]
2026-09-26 20:57:02 - INFO - STEP: Clicked [Repeat]
    >> Clicked [Correction]
2026-09-26 20:57:32 - INFO - STEP: Clicked [Correction]
  [>>  ] หน้า 2: สำเร็จ (100) | 41.38s
2026-09-26 20:57:36 - INFO - RESULT: หน้า 2: สำเร็จ (100) | 41.38s
  [PAGE] หน้า 3/5 | ประเภท: type-toggle-solution
2026-09-26 20:57:38 - INFO - PAGE: หน้า 3/5 | ประเภท: type-toggle-solution
2026-09-26 20:57:38 - INFO - [FORCE] Page 3: force_solve=True — skipping early-pass check
2026-09-26 20:57:38 - INFO - === Toggle Solution Solver ===
    >> Clicked [Correction]
2026-09-26 20:57:39 - INFO - STEP: Clicked [Correction]
    >> Clicked [Solution]
2026-09-26 20:57:41 - INFO - STEP: Clicked [Solution]
    >> Clicked [Repeat]
2026-09-26 20:57:44 - INFO - STEP: Clicked [Repeat]
    >> Clicked [Correction]
2026-09-26 20:57:52 - INFO - STEP: Clicked [Correction]
  [>>  ] หน้า 3: สำเร็จ (100) | 16.52s
2026-09-26 20:57:56 - INFO - RESULT: หน้า 3: สำเร็จ (100) | 16.52s
  [PAGE] หน้า 4/5 | ประเภท: type-drag-drop
2026-09-26 20:57:58 - INFO - PAGE: หน้า 4/5 | ประเภท: type-drag-drop
2026-09-26 20:57:58 - INFO - [FORCE] Page 4: force_solve=True — skipping early-pass check
2026-09-26 20:57:58 - INFO - === Drag & Drop Solver Started ===
    >> Clicked [Correction]
2026-09-26 20:57:59 - INFO - STEP: Clicked [Correction]
    >> Clicked [Solution]
2026-09-26 20:58:01 - INFO - STEP: Clicked [Solution]
    >> Clicked [Repeat]
2026-09-26 20:58:03 - INFO - STEP: Clicked [Repeat]
    >> Extracted 6 drag/drop answers
2026-09-26 20:58:05 - INFO - STEP: Extracted 6 drag/drop answers
    >> Placed 6 drag/drop tiles (attempt 1)
2026-09-26 20:58:21 - INFO - STEP: Placed 6 drag/drop tiles (attempt 1)
    >> Clicked [Correction]
2026-09-26 20:58:21 - INFO - STEP: Clicked [Correction]
2026-09-26 20:58:24 - INFO - Drag/drop completed in 25.75s
  [>>  ] หน้า 4: สำเร็จ (100) | 25.75s
2026-09-26 20:58:25 - INFO - RESULT: หน้า 4: สำเร็จ (100) | 25.75s
  [PAGE] หน้า 5/5 | ประเภท: type-drag-drop
2026-09-26 20:58:27 - INFO - PAGE: หน้า 5/5 | ประเภท: type-drag-drop
2026-09-26 20:58:27 - INFO - [FORCE] Page 5: force_solve=True — skipping early-pass check
2026-09-26 20:58:27 - INFO - === Drag & Drop Solver Started ===
    >> Clicked [Correction]
2026-09-26 20:58:28 - INFO - STEP: Clicked [Correction]
    >> Clicked [Solution]
2026-09-26 20:58:30 - INFO - STEP: Clicked [Solution]
    >> Clicked [Repeat]
2026-09-26 20:58:32 - INFO - STEP: Clicked [Repeat]
    >> Extracted 5 drag/drop answers
2026-09-26 20:58:34 - INFO - STEP: Extracted 5 drag/drop answers
    >> Placed 5 drag/drop tiles (attempt 1)
2026-09-26 20:58:47 - INFO - STEP: Placed 5 drag/drop tiles (attempt 1)
    >> Clicked [Correction]
2026-09-26 20:58:47 - INFO - STEP: Clicked [Correction]
2026-09-26 20:58:51 - INFO - Drag/drop completed in 23.12s
  [>>  ] หน้า 5: สำเร็จ (100) | 23.12s
2026-09-26 20:58:51 - INFO - RESULT: หน้า 5: สำเร็จ (100) | 23.12s

  ===========================================================================
     >>> สรุปผลการทำแบบฝึกหัด <<<
  ===========================================================================
     รายการแบบฝึกหัด:
  ---------------------------------------------------------------------------
   [[OK]] หน้า 1   |  ผ่าน      |  คะแนน 100/100  |  เวลาที่ใช้ 58.51s
   [[OK]] หน้า 2   |  ผ่าน      |  คะแนน 100/100  |  เวลาที่ใช้ 41.38s
   [[OK]] หน้า 3   |  ผ่าน      |  คะแนน 100/100  |  เวลาที่ใช้ 16.52s
   [[OK]] หน้า 4   |  ผ่าน      |  คะแนน 100/100  |  เวลาที่ใช้ 25.75s
   [[OK]] หน้า 5   |  ผ่าน      |  คะแนน 100/100  |  เวลาที่ใช้ 23.12s
  ---------------------------------------------------------------------------
     ผ่านทั้งหมด : 5
     เวลารวม : 165.28 s
  ===========================================================================
2026-09-26 20:58:52 - INFO - [REPORT] Saved: reports\The_house_20260926_205852.json
  [INFO] Done.
2026-09-26 20:58:52 - INFO - INFO: Done.
  [ OK ] Completion modal detected (after 0.0s)
2026-09-26 20:58:52 - INFO - OK: Completion modal detected (after 0.0s)
  [ OK ] Clicked [เรียนรู้ต่อ (Continue)]
2026-09-26 20:58:52 - INFO - OK: Clicked [เรียนรู้ต่อ (Continue)]
  [ OK ] Moving on (Continue)...
2026-09-26 20:58:54 - INFO - OK: Moving on (Continue)...
2026-09-26 20:58:56 - INFO - [TOTAL] Found 5 pages via .exercises-large-navigation.visible-lg li (attempt 1/2)
  [ OK ] New exercise loaded: The rent is due (5 pages)
2026-09-26 20:58:56 - INFO - OK: New exercise loaded: The rent is due (5 pages)
  [INFO] พบทั้งหมด 5 หน้า
2026-09-26 20:58:56 - INFO - INFO: พบทั้งหมด 5 หน้า
  [PAGE] หน้า 1/5 | ประเภท: type-video
2026-09-26 20:58:58 - INFO - PAGE: หน้า 1/5 | ประเภท: type-video
2026-09-26 20:58:58 - INFO - === Video Solver Started ===
    >> Video action: seeked-and-played
2026-09-26 20:58:58 - INFO - STEP: Video action: seeked-and-played
2026-09-26 20:59:02 - INFO - Video done. Time: 4.02s
  [>>  ] หน้า 1: สำเร็จ (video) | 4.02s
2026-09-26 20:59:02 - INFO - RESULT: หน้า 1: สำเร็จ (video) | 4.02s
  [PAGE] หน้า 2/5 | ประเภท: type-drag-drop
2026-09-26 20:59:04 - INFO - PAGE: หน้า 2/5 | ประเภท: type-drag-drop
2026-09-26 20:59:04 - INFO - [FORCE] Page 2: force_solve=True — skipping early-pass check
2026-09-26 20:59:04 - INFO - === Drag & Drop Solver Started ===
    >> Clicked [Correction]
2026-09-26 20:59:05 - INFO - STEP: Clicked [Correction]
    >> Clicked [Solution]
2026-09-26 20:59:07 - INFO - STEP: Clicked [Solution]
    >> Clicked [Repeat]
2026-09-26 20:59:09 - INFO - STEP: Clicked [Repeat]
    >> Extracted 4 drag/drop answers
2026-09-26 20:59:11 - INFO - STEP: Extracted 4 drag/drop answers
    >> Placed 4 drag/drop tiles (attempt 1)
2026-09-26 20:59:22 - INFO - STEP: Placed 4 drag/drop tiles (attempt 1)
    >> Clicked [Correction]
2026-09-26 20:59:22 - INFO - STEP: Clicked [Correction]
2026-09-26 20:59:25 - INFO - Drag/drop completed in 20.46s
  [>>  ] หน้า 2: สำเร็จ (100) | 20.46s
2026-09-26 20:59:26 - INFO - RESULT: หน้า 2: สำเร็จ (100) | 20.46s
  [PAGE] หน้า 3/5 | ประเภท: type-answer
2026-09-26 20:59:28 - INFO - PAGE: หน้า 3/5 | ประเภท: type-answer
2026-09-26 20:59:28 - INFO - [FORCE] Page 3: force_solve=True — skipping early-pass check
2026-09-26 20:59:28 - INFO - === Answer Solver ===
    >> Clicked [Correction]
2026-09-26 20:59:29 - INFO - STEP: Clicked [Correction]
    >> Clicked [Solution]
2026-09-26 20:59:31 - INFO - STEP: Clicked [Solution]
    >> Extracted 10 answers: ['is', 'built', 'is', 'made', 'has', 'to be', 'are', 'broken', 'to be', 'repaired']
2026-09-26 20:59:34 - INFO - STEP: Extracted 10 answers: ['is', 'built', 'is', 'made', 'has', 'to be', 'are', 'broken', 'to be', 'repaired']
    >> Clicked [Repeat]
2026-09-26 20:59:34 - INFO - STEP: Clicked [Repeat]
2026-09-26 20:59:38 - INFO - --- Iteration 1/10 | Score: 0 ---
    >> Clicked [Correction]
2026-09-26 20:59:40 - INFO - STEP: Clicked [Correction]
2026-09-26 20:59:44 - INFO - --- Iteration 2/10 | Score: 100 ---
  [>>  ] หน้า 3: สำเร็จ (100) | 15.53s
2026-09-26 20:59:45 - INFO - RESULT: หน้า 3: สำเร็จ (100) | 15.53s
  [PAGE] หน้า 4/5 | ประเภท: type-drag-drop
2026-09-26 20:59:47 - INFO - PAGE: หน้า 4/5 | ประเภท: type-drag-drop
2026-09-26 20:59:47 - INFO - [FORCE] Page 4: force_solve=True — skipping early-pass check
2026-09-26 20:59:47 - INFO - === Drag & Drop Solver Started ===
    >> Clicked [Correction]
2026-09-26 20:59:48 - INFO - STEP: Clicked [Correction]
    >> Clicked [Solution]
2026-09-26 20:59:50 - INFO - STEP: Clicked [Solution]
    >> Clicked [Repeat]
2026-09-26 20:59:52 - INFO - STEP: Clicked [Repeat]
    >> Extracted 4 drag/drop answers
2026-09-26 20:59:54 - INFO - STEP: Extracted 4 drag/drop answers
    >> Placed 4 drag/drop tiles (attempt 1)
2026-09-26 21:00:04 - INFO - STEP: Placed 4 drag/drop tiles (attempt 1)
    >> Clicked [Correction]
2026-09-26 21:00:04 - INFO - STEP: Clicked [Correction]
2026-09-26 21:00:08 - INFO - Drag/drop completed in 20.48s
  [>>  ] หน้า 4: สำเร็จ (100) | 20.48s
2026-09-26 21:00:08 - INFO - RESULT: หน้า 4: สำเร็จ (100) | 20.48s
  [PAGE] หน้า 5/5 | ประเภท: type-answer
2026-09-26 21:00:11 - INFO - PAGE: หน้า 5/5 | ประเภท: type-answer
2026-09-26 21:00:11 - INFO - [FORCE] Page 5: force_solve=True — skipping early-pass check
2026-09-26 21:00:11 - INFO - === Answer Solver ===
    >> Clicked [Correction]
2026-09-26 21:00:12 - INFO - STEP: Clicked [Correction]
    >> Clicked [Solution]
2026-09-26 21:00:14 - INFO - STEP: Clicked [Solution]
    >> Extracted 5 answers: ['is built', 'is made', 'is called', 'is served', 'is sold']
2026-09-26 21:00:17 - INFO - STEP: Extracted 5 answers: ['is built', 'is made', 'is called', 'is served', 'is sold']
    >> Clicked [Repeat]
2026-09-26 21:00:17 - INFO - STEP: Clicked [Repeat]
2026-09-26 21:00:21 - INFO - --- Iteration 1/10 | Score: 0 ---
    >> Clicked [Correction]
2026-09-26 21:00:23 - INFO - STEP: Clicked [Correction]
2026-09-26 21:00:26 - INFO - --- Iteration 2/10 | Score: 100 ---
  [>>  ] หน้า 5: สำเร็จ (100) | 14.96s
2026-09-26 21:00:27 - INFO - RESULT: หน้า 5: สำเร็จ (100) | 14.96s

  ===========================================================================
     >>> สรุปผลการทำแบบฝึกหัด <<<
  ===========================================================================
     รายการแบบฝึกหัด:
  ---------------------------------------------------------------------------
   [[OK]] หน้า 1   |  ผ่าน      |  คะแนน 100/100  |  เวลาที่ใช้ 4.02s
   [[OK]] หน้า 2   |  ผ่าน      |  คะแนน 100/100  |  เวลาที่ใช้ 20.46s
   [[OK]] หน้า 3   |  ผ่าน      |  คะแนน 100/100  |  เวลาที่ใช้ 15.53s
   [[OK]] หน้า 4   |  ผ่าน      |  คะแนน 100/100  |  เวลาที่ใช้ 20.48s
   [[OK]] หน้า 5   |  ผ่าน      |  คะแนน 100/100  |  เวลาที่ใช้ 14.96s
  ---------------------------------------------------------------------------
     ผ่านทั้งหมด : 5
     เวลารวม : 75.45 s
  ===========================================================================
2026-09-26 21:00:28 - INFO - [REPORT] Saved: reports\The_rent_is_due_20260926_210028.json
  [INFO] Done.
2026-09-26 21:00:28 - INFO - INFO: Done.
  [ OK ] Completion modal detected (after 0.0s)
2026-09-26 21:00:28 - INFO - OK: Completion modal detected (after 0.0s)
  [ OK ] Clicked [เรียนรู้ต่อ (Continue)]
2026-09-26 21:00:28 - INFO - OK: Clicked [เรียนรู้ต่อ (Continue)]
  [ OK ] Moving on (Continue)...
2026-09-26 21:00:29 - INFO - OK: Moving on (Continue)...
2026-09-26 21:00:32 - INFO - [TOTAL] Found 4 pages via .exercises-large-navigation.visible-lg li (attempt 1/2)
  [ OK ] New exercise loaded: A trip to New Orleans (4 pages)
2026-09-26 21:00:32 - INFO - OK: New exercise loaded: A trip to New Orleans (4 pages)
  [INFO] พบทั้งหมด 4 หน้า
2026-09-26 21:00:32 - INFO - INFO: พบทั้งหมด 4 หน้า
  [PAGE] หน้า 1/4 | ประเภท: type-answer
2026-09-26 21:00:33 - INFO - PAGE: หน้า 1/4 | ประเภท: type-answer
2026-09-26 21:00:33 - INFO - [FORCE] Page 1: force_solve=True — skipping early-pass check
2026-09-26 21:00:33 - INFO - === Answer Solver ===
    >> Clicked [Correction]
2026-09-26 21:00:34 - INFO - STEP: Clicked [Correction]
    >> Clicked [Solution]
2026-09-26 21:00:36 - INFO - STEP: Clicked [Solution]
    >> Extracted 4 answers: ['New Orleans is called the Big Easy.', 'The city is known for its music.', 'Cajun food is made with lots of spices.', 'Jazz music is played by the musicians in Preservation Hall.']
2026-09-26 21:00:39 - INFO - STEP: Extracted 4 answers: ['New Orleans is called the Big Easy.', 'The city is known for its music.', 'Cajun food is made with lots of spices.', 'Jazz music is played by the musicians in Preservation Hall.']
    >> Clicked [Repeat]
2026-09-26 21:00:39 - INFO - STEP: Clicked [Repeat]
2026-09-26 21:00:43 - INFO - --- Iteration 1/10 | Score: 0 ---
    >> Clicked [Correction]
2026-09-26 21:00:45 - INFO - STEP: Clicked [Correction]
2026-09-26 21:00:48 - INFO - --- Iteration 2/10 | Score: 100 ---
  [>>  ] หน้า 1: สำเร็จ (100) | 14.90s
2026-09-26 21:00:49 - INFO - RESULT: หน้า 1: สำเร็จ (100) | 14.90s
  [PAGE] หน้า 2/4 | ประเภท: type-answer
2026-09-26 21:00:51 - INFO - PAGE: หน้า 2/4 | ประเภท: type-answer
2026-09-26 21:00:51 - INFO - [FORCE] Page 2: force_solve=True — skipping early-pass check
2026-09-26 21:00:51 - INFO - === Answer Solver ===
    >> Clicked [Correction]
2026-09-26 21:00:52 - INFO - STEP: Clicked [Correction]
    >> Clicked [Solution]
2026-09-26 21:00:55 - INFO - STEP: Clicked [Solution]
    >> Extracted 4 answers: ['The clothes have to be washed', 'The walls have to be painted', 'The washing machine has to be repaired', 'The floor has to be cleaned']
2026-09-26 21:00:58 - INFO - STEP: Extracted 4 answers: ['The clothes have to be washed', 'The walls have to be painted', 'The washing machine has to be repaired', 'The floor has to be cleaned']
    >> Clicked [Repeat]
2026-09-26 21:00:58 - INFO - STEP: Clicked [Repeat]
2026-09-26 21:01:01 - INFO - --- Iteration 1/10 | Score: 0 ---
    >> Clicked [Correction]
2026-09-26 21:01:03 - INFO - STEP: Clicked [Correction]
2026-09-26 21:01:06 - INFO - --- Iteration 2/10 | Score: 100 ---
  [>>  ] หน้า 2: สำเร็จ (100) | 14.79s
2026-09-26 21:01:07 - INFO - RESULT: หน้า 2: สำเร็จ (100) | 14.79s
  [PAGE] หน้า 3/4 | ประเภท: type-scrambled-sentence
2026-09-26 21:01:10 - INFO - PAGE: หน้า 3/4 | ประเภท: type-scrambled-sentence
2026-09-26 21:01:10 - INFO - [FORCE] Page 3: force_solve=True — skipping early-pass check
2026-09-26 21:01:10 - INFO - === Scrambled Sentence Solver ===
    >> Clicked [Correction]
2026-09-26 21:01:10 - INFO - STEP: Clicked [Correction]
    >> Clicked [Solution]
2026-09-26 21:01:13 - INFO - STEP: Clicked [Solution]
    >> Clicked [Repeat]
2026-09-26 21:01:16 - INFO - STEP: Clicked [Repeat]
2026-09-26 21:01:20 - INFO - --- Iteration 1/10 | Score: 9 ---
    >> Clicked [Correction]
2026-09-26 21:02:35 - INFO - STEP: Clicked [Correction]
2026-09-26 21:02:38 - INFO - --- Iteration 2/10 | Score: 100 ---
  [>>  ] หน้า 3: สำเร็จ (100) | 1m 28.62s
2026-09-26 21:02:39 - INFO - RESULT: หน้า 3: สำเร็จ (100) | 1m 28.62s
  [PAGE] หน้า 4/4 | ประเภท: type-multiple-choice
2026-09-26 21:02:42 - INFO - PAGE: หน้า 4/4 | ประเภท: type-multiple-choice
2026-09-26 21:02:42 - INFO - [FORCE] Page 4: force_solve=True — skipping early-pass check
2026-09-26 21:02:42 - INFO - === Multiple Choice Solver ===
    >> Clicked [Correction]
2026-09-26 21:02:42 - INFO - STEP: Clicked [Correction]
    >> Clicked [Solution]
2026-09-26 21:02:45 - INFO - STEP: Clicked [Solution]
    >> Clicked [Repeat]
2026-09-26 21:02:50 - INFO - STEP: Clicked [Repeat]
  [>>  ] หน้า 4: สำเร็จ (67) | 11.45s
2026-09-26 21:02:54 - INFO - RESULT: หน้า 4: สำเร็จ (67) | 11.45s

  ===========================================================================
     >>> สรุปผลการทำแบบฝึกหัด <<<
  ===========================================================================
     รายการแบบฝึกหัด:
  ---------------------------------------------------------------------------
   [[OK]] หน้า 1   |  ผ่าน      |  คะแนน 100/100  |  เวลาที่ใช้ 14.90s
   [[OK]] หน้า 2   |  ผ่าน      |  คะแนน 100/100  |  เวลาที่ใช้ 14.79s
   [[OK]] หน้า 3   |  ผ่าน      |  คะแนน 100/100  |  เวลาที่ใช้ 1m 28.62s
   [[OK]] หน้า 4   |  ผ่าน      |  คะแนน  67/100  |  เวลาที่ใช้ 11.45s
  ---------------------------------------------------------------------------
     ผ่านทั้งหมด : 4
     เวลารวม : 129.76 s
  ===========================================================================
2026-09-26 21:02:55 - INFO - [REPORT] Saved: reports\A_trip_to_New_Orleans_20260926_210255.json
  [INFO] Done.
2026-09-26 21:02:55 - INFO - INFO: Done.
  [ OK ] Completion modal detected (after 0.0s)
2026-09-26 21:02:55 - INFO - OK: Completion modal detected (after 0.0s)
  [ OK ] Clicked [เรียนรู้ต่อ (Continue)]
2026-09-26 21:02:55 - INFO - OK: Clicked [เรียนรู้ต่อ (Continue)]
  [ OK ] Moving on (Continue)...
2026-09-26 21:02:57 - INFO - OK: Moving on (Continue)...
2026-09-26 21:02:59 - INFO - [TOTAL] Found 13 pages via .exercises-large-navigation.visible-lg li (attempt 1/2)
  [ OK ] New exercise loaded: It has to be done (13 pages)
2026-09-26 21:02:59 - INFO - OK: New exercise loaded: It has to be done (13 pages)
  [INFO] พบทั้งหมด 13 หน้า
2026-09-26 21:02:59 - INFO - INFO: พบทั้งหมด 13 หน้า
  [PAGE] หน้า 1/13 | ประเภท: type-single-item-pronunciation
2026-09-26 21:03:00 - INFO - PAGE: หน้า 1/13 | ประเภท: type-single-item-pronunciation
2026-09-26 21:03:00 - INFO - [FORCE] Page 1: force_solve=True — skipping early-pass check
2026-09-26 21:03:00 - INFO - === Pronunciation Solver ===
    >> Recording item 1...
2026-09-26 21:03:01 - INFO - STEP: Recording item 1...
    >> Mic started
2026-09-26 21:03:02 - INFO - STEP: Mic started
    >> Recording duration: 4.0s
2026-09-26 21:03:03 - INFO - STEP: Recording duration: 4.0s
    >> Mic stopped
2026-09-26 21:03:07 - INFO - STEP: Mic stopped
    >> Checking pronunciation batch...
2026-09-26 21:03:07 - INFO - STEP: Checking pronunciation batch...
    >> Clicked [Correction]
2026-09-26 21:03:07 - INFO - STEP: Clicked [Correction]
    >> Result: 93/100 | Failed items: 0 | Unscored: 0
2026-09-26 21:03:12 - INFO - STEP: Result: 93/100 | Failed items: 0 | Unscored: 0
2026-09-26 21:03:12 - INFO - Pronunciation SUCCESS! Time: 11.16s | Score: 93
  [>>  ] หน้า 1: สำเร็จ (93) | 11.16s
2026-09-26 21:03:12 - INFO - RESULT: หน้า 1: สำเร็จ (93) | 11.16s
  [PAGE] หน้า 2/13 | ประเภท: type-single-item-pronunciation
2026-09-26 21:03:15 - INFO - PAGE: หน้า 2/13 | ประเภท: type-single-item-pronunciation
2026-09-26 21:03:15 - INFO - [FORCE] Page 2: force_solve=True — skipping early-pass check
2026-09-26 21:03:15 - INFO - === Pronunciation Solver ===
    >> Recording item 1...
2026-09-26 21:03:16 - INFO - STEP: Recording item 1...
    >> Mic started
2026-09-26 21:03:17 - INFO - STEP: Mic started
    >> Recording duration: 3.5s
2026-09-26 21:03:17 - INFO - STEP: Recording duration: 3.5s
    >> Mic stopped
2026-09-26 21:03:21 - INFO - STEP: Mic stopped
    >> Checking pronunciation batch...
2026-09-26 21:03:21 - INFO - STEP: Checking pronunciation batch...
    >> Clicked [Correction]
2026-09-26 21:03:21 - INFO - STEP: Clicked [Correction]
    >> Result: 89/100 | Failed items: 0 | Unscored: 0
2026-09-26 21:03:26 - INFO - STEP: Result: 89/100 | Failed items: 0 | Unscored: 0
2026-09-26 21:03:26 - INFO - Pronunciation SUCCESS! Time: 10.65s | Score: 89
  [>>  ] หน้า 2: สำเร็จ (89) | 10.65s
2026-09-26 21:03:26 - INFO - RESULT: หน้า 2: สำเร็จ (89) | 10.65s
  [PAGE] หน้า 3/13 | ประเภท: type-single-item-pronunciation
2026-09-26 21:03:29 - INFO - PAGE: หน้า 3/13 | ประเภท: type-single-item-pronunciation
2026-09-26 21:03:29 - INFO - [FORCE] Page 3: force_solve=True — skipping early-pass check
2026-09-26 21:03:29 - INFO - === Pronunciation Solver ===
    >> Recording item 1...
2026-09-26 21:03:30 - INFO - STEP: Recording item 1...
    >> Mic started
2026-09-26 21:03:31 - INFO - STEP: Mic started
    >> Recording duration: 3.9s
2026-09-26 21:03:32 - INFO - STEP: Recording duration: 3.9s
    >> Mic stopped
2026-09-26 21:03:36 - INFO - STEP: Mic stopped
    >> Checking pronunciation batch...
2026-09-26 21:03:36 - INFO - STEP: Checking pronunciation batch...
    >> Clicked [Correction]
2026-09-26 21:03:36 - INFO - STEP: Clicked [Correction]
    >> Result: 100/100 | Failed items: 0 | Unscored: 0
2026-09-26 21:03:41 - INFO - STEP: Result: 100/100 | Failed items: 0 | Unscored: 0
2026-09-26 21:03:41 - INFO - Pronunciation SUCCESS! Time: 11.40s | Score: 100
  [>>  ] หน้า 3: สำเร็จ (100) | 11.40s
2026-09-26 21:03:41 - INFO - RESULT: หน้า 3: สำเร็จ (100) | 11.40s
  [PAGE] หน้า 4/13 | ประเภท: type-single-item-pronunciation
2026-09-26 21:03:44 - INFO - PAGE: หน้า 4/13 | ประเภท: type-single-item-pronunciation
2026-09-26 21:03:44 - INFO - [FORCE] Page 4: force_solve=True — skipping early-pass check
2026-09-26 21:03:44 - INFO - === Pronunciation Solver ===
    >> Recording item 1...
2026-09-26 21:03:45 - INFO - STEP: Recording item 1...
    >> Mic started
2026-09-26 21:03:46 - INFO - STEP: Mic started
    >> Recording duration: 3.5s
2026-09-26 21:03:47 - INFO - STEP: Recording duration: 3.5s
    >> Mic stopped
2026-09-26 21:03:50 - INFO - STEP: Mic stopped
    >> Checking pronunciation batch...
2026-09-26 21:03:51 - INFO - STEP: Checking pronunciation batch...
    >> Clicked [Correction]
2026-09-26 21:03:51 - INFO - STEP: Clicked [Correction]
    >> Result: 83/100 | Failed items: 0 | Unscored: 0
2026-09-26 21:03:55 - INFO - STEP: Result: 83/100 | Failed items: 0 | Unscored: 0
2026-09-26 21:03:55 - INFO - Pronunciation SUCCESS! Time: 11.25s | Score: 83
  [>>  ] หน้า 4: สำเร็จ (83) | 11.25s
2026-09-26 21:03:56 - INFO - RESULT: หน้า 4: สำเร็จ (83) | 11.25s
  [PAGE] หน้า 5/13 | ประเภท: type-single-item-pronunciation
2026-09-26 21:03:59 - INFO - PAGE: หน้า 5/13 | ประเภท: type-single-item-pronunciation
2026-09-26 21:03:59 - INFO - [FORCE] Page 5: force_solve=True — skipping early-pass check
2026-09-26 21:03:59 - INFO - === Pronunciation Solver ===
    >> Recording item 1...
2026-09-26 21:03:59 - INFO - STEP: Recording item 1...
    >> Mic started
2026-09-26 21:04:00 - INFO - STEP: Mic started
    >> Recording duration: 3.8s
2026-09-26 21:04:01 - INFO - STEP: Recording duration: 3.8s
    >> Mic stopped
2026-09-26 21:04:05 - INFO - STEP: Mic stopped
    >> Checking pronunciation batch...
2026-09-26 21:04:05 - INFO - STEP: Checking pronunciation batch...
    >> Clicked [Correction]
2026-09-26 21:04:05 - INFO - STEP: Clicked [Correction]
    >> Result: 91/100 | Failed items: 0 | Unscored: 0
2026-09-26 21:04:10 - INFO - STEP: Result: 91/100 | Failed items: 0 | Unscored: 0
2026-09-26 21:04:10 - INFO - Pronunciation SUCCESS! Time: 10.83s | Score: 91
  [>>  ] หน้า 5: สำเร็จ (91) | 10.83s
2026-09-26 21:04:11 - INFO - RESULT: หน้า 5: สำเร็จ (91) | 10.83s
  [PAGE] หน้า 6/13 | ประเภท: type-single-item-pronunciation
2026-09-26 21:04:13 - INFO - PAGE: หน้า 6/13 | ประเภท: type-single-item-pronunciation
2026-09-26 21:04:13 - INFO - [FORCE] Page 6: force_solve=True — skipping early-pass check
2026-09-26 21:04:13 - INFO - === Pronunciation Solver ===
    >> Recording item 1...
2026-09-26 21:04:14 - INFO - STEP: Recording item 1...
    >> Mic started
2026-09-26 21:04:15 - INFO - STEP: Mic started
    >> Recording duration: 3.9s
2026-09-26 21:04:16 - INFO - STEP: Recording duration: 3.9s
    >> Mic stopped
2026-09-26 21:04:20 - INFO - STEP: Mic stopped
    >> Checking pronunciation batch...
2026-09-26 21:04:20 - INFO - STEP: Checking pronunciation batch...
    >> Clicked [Correction]
2026-09-26 21:04:20 - INFO - STEP: Clicked [Correction]
    >> Result: 91/100 | Failed items: 0 | Unscored: 0
2026-09-26 21:04:24 - INFO - STEP: Result: 91/100 | Failed items: 0 | Unscored: 0
2026-09-26 21:04:24 - INFO - Pronunciation SUCCESS! Time: 11.29s | Score: 91
  [>>  ] หน้า 6: สำเร็จ (91) | 11.29s
2026-09-26 21:04:25 - INFO - RESULT: หน้า 6: สำเร็จ (91) | 11.29s
  [PAGE] หน้า 7/13 | ประเภท: type-single-item-pronunciation
2026-09-26 21:04:28 - INFO - PAGE: หน้า 7/13 | ประเภท: type-single-item-pronunciation
2026-09-26 21:04:28 - INFO - [FORCE] Page 7: force_solve=True — skipping early-pass check
2026-09-26 21:04:28 - INFO - === Pronunciation Solver ===
    >> Recording item 1...
2026-09-26 21:04:28 - INFO - STEP: Recording item 1...
    >> Mic started
2026-09-26 21:04:30 - INFO - STEP: Mic started
    >> Recording duration: 3.5s
2026-09-26 21:04:30 - INFO - STEP: Recording duration: 3.5s
    >> Mic stopped
2026-09-26 21:04:34 - INFO - STEP: Mic stopped
    >> Checking pronunciation batch...
2026-09-26 21:04:34 - INFO - STEP: Checking pronunciation batch...
    >> Clicked [Correction]
2026-09-26 21:04:34 - INFO - STEP: Clicked [Correction]
    >> Result: 93/100 | Failed items: 0 | Unscored: 0
2026-09-26 21:04:39 - INFO - STEP: Result: 93/100 | Failed items: 0 | Unscored: 0
2026-09-26 21:04:39 - INFO - Pronunciation SUCCESS! Time: 10.90s | Score: 93
  [>>  ] หน้า 7: สำเร็จ (93) | 10.90s
2026-09-26 21:04:40 - INFO - RESULT: หน้า 7: สำเร็จ (93) | 10.90s
  [PAGE] หน้า 8/13 | ประเภท: type-single-item-pronunciation
2026-09-26 21:04:42 - INFO - PAGE: หน้า 8/13 | ประเภท: type-single-item-pronunciation
2026-09-26 21:04:42 - INFO - [FORCE] Page 8: force_solve=True — skipping early-pass check
2026-09-26 21:04:42 - INFO - === Pronunciation Solver ===
    >> Recording item 1...
2026-09-26 21:04:43 - INFO - STEP: Recording item 1...
    >> Mic started
2026-09-26 21:04:44 - INFO - STEP: Mic started
    >> Recording duration: 3.5s
2026-09-26 21:04:45 - INFO - STEP: Recording duration: 3.5s
    >> Mic stopped
2026-09-26 21:04:48 - INFO - STEP: Mic stopped
    >> Checking pronunciation batch...
2026-09-26 21:04:49 - INFO - STEP: Checking pronunciation batch...
    >> Clicked [Correction]
2026-09-26 21:04:49 - INFO - STEP: Clicked [Correction]
    >> Result: 82/100 | Failed items: 0 | Unscored: 0
2026-09-26 21:04:53 - INFO - STEP: Result: 82/100 | Failed items: 0 | Unscored: 0
2026-09-26 21:04:53 - INFO - Pronunciation SUCCESS! Time: 11.07s | Score: 82
  [>>  ] หน้า 8: สำเร็จ (82) | 11.07s
2026-09-26 21:04:54 - INFO - RESULT: หน้า 8: สำเร็จ (82) | 11.07s
  [PAGE] หน้า 9/13 | ประเภท: type-single-item-pronunciation
2026-09-26 21:04:57 - INFO - PAGE: หน้า 9/13 | ประเภท: type-single-item-pronunciation
2026-09-26 21:04:57 - INFO - [FORCE] Page 9: force_solve=True — skipping early-pass check
2026-09-26 21:04:57 - INFO - === Pronunciation Solver ===
    >> Recording item 1...
2026-09-26 21:04:57 - INFO - STEP: Recording item 1...
    >> Mic started
2026-09-26 21:04:59 - INFO - STEP: Mic started
    >> Recording duration: 3.7s
2026-09-26 21:04:59 - INFO - STEP: Recording duration: 3.7s
    >> Mic stopped
2026-09-26 21:05:03 - INFO - STEP: Mic stopped
    >> Checking pronunciation batch...
2026-09-26 21:05:04 - INFO - STEP: Checking pronunciation batch...
    >> Clicked [Correction]
2026-09-26 21:05:04 - INFO - STEP: Clicked [Correction]
    >> Result: 86/100 | Failed items: 0 | Unscored: 0
2026-09-26 21:05:08 - INFO - STEP: Result: 86/100 | Failed items: 0 | Unscored: 0
2026-09-26 21:05:08 - INFO - Pronunciation SUCCESS! Time: 11.13s | Score: 86
  [>>  ] หน้า 9: สำเร็จ (86) | 11.13s
2026-09-26 21:05:09 - INFO - RESULT: หน้า 9: สำเร็จ (86) | 11.13s
  [PAGE] หน้า 10/13 | ประเภท: type-single-item-pronunciation
2026-09-26 21:05:11 - INFO - PAGE: หน้า 10/13 | ประเภท: type-single-item-pronunciation
2026-09-26 21:05:11 - INFO - [FORCE] Page 10: force_solve=True — skipping early-pass check
2026-09-26 21:05:11 - INFO - === Pronunciation Solver ===
    >> Recording item 1...
2026-09-26 21:05:12 - INFO - STEP: Recording item 1...
    >> Mic started
2026-09-26 21:05:13 - INFO - STEP: Mic started
    >> Recording duration: 4.4s
2026-09-26 21:05:14 - INFO - STEP: Recording duration: 4.4s
    >> Mic stopped
2026-09-26 21:05:18 - INFO - STEP: Mic stopped
    >> Checking pronunciation batch...
2026-09-26 21:05:18 - INFO - STEP: Checking pronunciation batch...
    >> Clicked [Correction]
2026-09-26 21:05:19 - INFO - STEP: Clicked [Correction]
    >> Result: 80/100 | Failed items: 0 | Unscored: 0
2026-09-26 21:05:23 - INFO - STEP: Result: 80/100 | Failed items: 0 | Unscored: 0
2026-09-26 21:05:23 - INFO - Pronunciation SUCCESS! Time: 11.42s | Score: 80
  [>>  ] หน้า 10: สำเร็จ (80) | 11.42s
2026-09-26 21:05:24 - INFO - RESULT: หน้า 10: สำเร็จ (80) | 11.42s
  [PAGE] หน้า 11/13 | ประเภท: type-single-item-pronunciation
2026-09-26 21:05:26 - INFO - PAGE: หน้า 11/13 | ประเภท: type-single-item-pronunciation
2026-09-26 21:05:26 - INFO - [FORCE] Page 11: force_solve=True — skipping early-pass check
2026-09-26 21:05:26 - INFO - === Pronunciation Solver ===
    >> Recording item 1...
2026-09-26 21:05:27 - INFO - STEP: Recording item 1...
    >> Mic started
2026-09-26 21:05:28 - INFO - STEP: Mic started
    >> Recording duration: 4.5s
2026-09-26 21:05:29 - INFO - STEP: Recording duration: 4.5s
    >> Mic stopped
2026-09-26 21:05:34 - INFO - STEP: Mic stopped
    >> Checking pronunciation batch...
2026-09-26 21:05:34 - INFO - STEP: Checking pronunciation batch...
    >> Clicked [Correction]
2026-09-26 21:05:34 - INFO - STEP: Clicked [Correction]
    >> Result: 95/100 | Failed items: 0 | Unscored: 0
2026-09-26 21:05:38 - INFO - STEP: Result: 95/100 | Failed items: 0 | Unscored: 0
2026-09-26 21:05:38 - INFO - Pronunciation SUCCESS! Time: 12.06s | Score: 95
  [>>  ] หน้า 11: สำเร็จ (95) | 12.06s
2026-09-26 21:05:39 - INFO - RESULT: หน้า 11: สำเร็จ (95) | 12.06s
  [PAGE] หน้า 12/13 | ประเภท: type-single-item-pronunciation
2026-09-26 21:05:42 - INFO - PAGE: หน้า 12/13 | ประเภท: type-single-item-pronunciation
2026-09-26 21:05:42 - INFO - [FORCE] Page 12: force_solve=True — skipping early-pass check
2026-09-26 21:05:42 - INFO - === Pronunciation Solver ===
    >> Recording item 1...
2026-09-26 21:05:42 - INFO - STEP: Recording item 1...
    >> Mic started
2026-09-26 21:05:44 - INFO - STEP: Mic started
    >> Recording duration: 4.2s
2026-09-26 21:05:44 - INFO - STEP: Recording duration: 4.2s
    >> Mic stopped
2026-09-26 21:05:49 - INFO - STEP: Mic stopped
    >> Checking pronunciation batch...
2026-09-26 21:05:49 - INFO - STEP: Checking pronunciation batch...
    >> Clicked [Correction]
2026-09-26 21:05:49 - INFO - STEP: Clicked [Correction]
    >> Result: 86/100 | Failed items: 0 | Unscored: 0
2026-09-26 21:05:54 - INFO - STEP: Result: 86/100 | Failed items: 0 | Unscored: 0
2026-09-26 21:05:54 - INFO - Pronunciation SUCCESS! Time: 11.65s | Score: 86
  [>>  ] หน้า 12: สำเร็จ (86) | 11.65s
2026-09-26 21:05:54 - INFO - RESULT: หน้า 12: สำเร็จ (86) | 11.65s
  [PAGE] หน้า 13/13 | ประเภท: type-single-item-pronunciation
2026-09-26 21:05:57 - INFO - PAGE: หน้า 13/13 | ประเภท: type-single-item-pronunciation
2026-09-26 21:05:57 - INFO - [FORCE] Page 13: force_solve=True — skipping early-pass check
2026-09-26 21:05:57 - INFO - === Pronunciation Solver ===
    >> Recording item 1...
2026-09-26 21:05:58 - INFO - STEP: Recording item 1...
    >> Mic started
2026-09-26 21:05:59 - INFO - STEP: Mic started
    >> Recording duration: 3.6s
2026-09-26 21:05:59 - INFO - STEP: Recording duration: 3.6s
    >> Mic stopped
2026-09-26 21:06:03 - INFO - STEP: Mic stopped
    >> Checking pronunciation batch...
2026-09-26 21:06:03 - INFO - STEP: Checking pronunciation batch...
    >> Clicked [Correction]
2026-09-26 21:06:03 - INFO - STEP: Clicked [Correction]
    >> Result: 100/100 | Failed items: 0 | Unscored: 0
2026-09-26 21:06:08 - INFO - STEP: Result: 100/100 | Failed items: 0 | Unscored: 0
2026-09-26 21:06:08 - INFO - Pronunciation SUCCESS! Time: 10.59s | Score: 100
  [>>  ] หน้า 13: สำเร็จ (100) | 10.59s
2026-09-26 21:06:09 - INFO - RESULT: หน้า 13: สำเร็จ (100) | 10.59s

  ===========================================================================
     >>> สรุปผลการทำแบบฝึกหัด <<<
  ===========================================================================
     รายการแบบฝึกหัด:
  ---------------------------------------------------------------------------
   [[OK]] หน้า 1   |  ผ่าน      |  คะแนน  93/100  |  เวลาที่ใช้ 11.16s
   [[OK]] หน้า 2   |  ผ่าน      |  คะแนน  89/100  |  เวลาที่ใช้ 10.65s
   [[OK]] หน้า 3   |  ผ่าน      |  คะแนน 100/100  |  เวลาที่ใช้ 11.40s
   [[OK]] หน้า 4   |  ผ่าน      |  คะแนน  83/100  |  เวลาที่ใช้ 11.25s
   [[OK]] หน้า 5   |  ผ่าน      |  คะแนน  91/100  |  เวลาที่ใช้ 10.83s
   [[OK]] หน้า 6   |  ผ่าน      |  คะแนน  91/100  |  เวลาที่ใช้ 11.29s
   [[OK]] หน้า 7   |  ผ่าน      |  คะแนน  93/100  |  เวลาที่ใช้ 10.90s
   [[OK]] หน้า 8   |  ผ่าน      |  คะแนน  82/100  |  เวลาที่ใช้ 11.07s
   [[OK]] หน้า 9   |  ผ่าน      |  คะแนน  86/100  |  เวลาที่ใช้ 11.13s
   [[OK]] หน้า 10  |  ผ่าน      |  คะแนน  80/100  |  เวลาที่ใช้ 11.42s
   [[OK]] หน้า 11  |  ผ่าน      |  คะแนน  95/100  |  เวลาที่ใช้ 12.06s
   [[OK]] หน้า 12  |  ผ่าน      |  คะแนน  86/100  |  เวลาที่ใช้ 11.65s
   [[OK]] หน้า 13  |  ผ่าน      |  คะแนน 100/100  |  เวลาที่ใช้ 10.59s
  ---------------------------------------------------------------------------
     ผ่านทั้งหมด : 13
     เวลารวม : 145.40 s
  ===========================================================================
2026-09-26 21:06:10 - INFO - [REPORT] Saved: reports\It_has_to_be_done_20260926_210610.json
  [INFO] Done.
2026-09-26 21:06:10 - INFO - INFO: Done.
  [ OK ] Completion modal detected (after 0.0s)
2026-09-26 21:06:10 - INFO - OK: Completion modal detected (after 0.0s)
  [ OK ] Clicked [เรียนรู้ต่อ (Continue)]
2026-09-26 21:06:10 - INFO - OK: Clicked [เรียนรู้ต่อ (Continue)]
  [ OK ] Moving on (Continue)...
2026-09-26 21:06:11 - INFO - OK: Moving on (Continue)...
2026-09-26 21:06:13 - INFO - [TOTAL] Found 3 pages via .exercises-large-navigation.visible-lg li (attempt 1/2)
  [ OK ] New exercise loaded: The new office (3 pages)
2026-09-26 21:06:13 - INFO - OK: New exercise loaded: The new office (3 pages)
  [INFO] พบทั้งหมด 3 หน้า
2026-09-26 21:06:13 - INFO - INFO: พบทั้งหมด 3 หน้า
  [PAGE] หน้า 1/3 | ประเภท: type-drag-drop
2026-09-26 21:06:15 - INFO - PAGE: หน้า 1/3 | ประเภท: type-drag-drop
2026-09-26 21:06:15 - INFO - [FORCE] Page 1: force_solve=True — skipping early-pass check
2026-09-26 21:06:15 - INFO - === Drag & Drop Solver Started ===
    >> Clicked [Correction]
2026-09-26 21:06:15 - INFO - STEP: Clicked [Correction]
    >> Clicked [Solution]
2026-09-26 21:06:18 - INFO - STEP: Clicked [Solution]
    >> Clicked [Repeat]
2026-09-26 21:06:20 - INFO - STEP: Clicked [Repeat]
    >> Extracted 6 drag/drop answers
2026-09-26 21:06:22 - INFO - STEP: Extracted 6 drag/drop answers
    >> Placed 6 drag/drop tiles (attempt 1)
2026-09-26 21:06:39 - INFO - STEP: Placed 6 drag/drop tiles (attempt 1)
    >> Clicked [Correction]
2026-09-26 21:06:39 - INFO - STEP: Clicked [Correction]
2026-09-26 21:06:42 - INFO - Drag/drop completed in 27.03s
  [>>  ] หน้า 1: สำเร็จ (100) | 27.03s
2026-09-26 21:06:43 - INFO - RESULT: หน้า 1: สำเร็จ (100) | 27.03s
  [PAGE] หน้า 2/3 | ประเภท: type-multiple-choice
2026-09-26 21:06:45 - INFO - PAGE: หน้า 2/3 | ประเภท: type-multiple-choice
2026-09-26 21:06:45 - INFO - [FORCE] Page 2: force_solve=True — skipping early-pass check
2026-09-26 21:06:45 - INFO - === Multiple Choice Solver ===
    >> Clicked [Correction]
2026-09-26 21:06:46 - INFO - STEP: Clicked [Correction]
    >> Clicked [Solution]
2026-09-26 21:06:49 - INFO - STEP: Clicked [Solution]
    >> Clicked [Repeat]
2026-09-26 21:06:54 - INFO - STEP: Clicked [Repeat]
    >> Clicked [Correction]
2026-09-26 21:06:57 - INFO - STEP: Clicked [Correction]
  [>>  ] หน้า 2: สำเร็จ (100) | 15.41s
2026-09-26 21:07:02 - INFO - RESULT: หน้า 2: สำเร็จ (100) | 15.41s
  [PAGE] หน้า 3/3 | ประเภท: type-toggle-solution
2026-09-26 21:07:04 - INFO - PAGE: หน้า 3/3 | ประเภท: type-toggle-solution
2026-09-26 21:07:04 - INFO - [FORCE] Page 3: force_solve=True — skipping early-pass check
2026-09-26 21:07:04 - INFO - === Toggle Solution Solver ===
    >> Clicked [Correction]
2026-09-26 21:07:05 - INFO - STEP: Clicked [Correction]
    >> Clicked [Solution]
2026-09-26 21:07:07 - INFO - STEP: Clicked [Solution]
    >> Clicked [Repeat]
2026-09-26 21:07:11 - INFO - STEP: Clicked [Repeat]
    >> Clicked [Correction]
2026-09-26 21:07:18 - INFO - STEP: Clicked [Correction]
  [>>  ] หน้า 3: สำเร็จ (100) | 17.17s
2026-09-26 21:07:22 - INFO - RESULT: หน้า 3: สำเร็จ (100) | 17.17s

  ===========================================================================
     >>> สรุปผลการทำแบบฝึกหัด <<<
  ===========================================================================
     รายการแบบฝึกหัด:
  ---------------------------------------------------------------------------
   [[OK]] หน้า 1   |  ผ่าน      |  คะแนน 100/100  |  เวลาที่ใช้ 27.03s
   [[OK]] หน้า 2   |  ผ่าน      |  คะแนน 100/100  |  เวลาที่ใช้ 15.41s
   [[OK]] หน้า 3   |  ผ่าน      |  คะแนน 100/100  |  เวลาที่ใช้ 17.17s
  ---------------------------------------------------------------------------
     ผ่านทั้งหมด : 3
     เวลารวม : 59.61 s
  ===========================================================================
2026-09-26 21:07:23 - INFO - [REPORT] Saved: reports\The_new_office_20260926_210723.json
  [INFO] Done.
2026-09-26 21:07:23 - INFO - INFO: Done.
  [ OK ] Completion modal detected (after 0.0s)
2026-09-26 21:07:23 - INFO - OK: Completion modal detected (after 0.0s)
  [ OK ] Clicked [เรียนรู้ต่อ (Continue)]
2026-09-26 21:07:23 - INFO - OK: Clicked [เรียนรู้ต่อ (Continue)]
  [ OK ] Moving on (Continue)...
2026-09-26 21:07:25 - INFO - OK: Moving on (Continue)...
2026-09-26 21:07:27 - INFO - [TOTAL] Found 4 pages via .exercises-large-navigation.visible-lg li (attempt 1/2)
  [ OK ] New exercise loaded: The construction project (4 pages)
2026-09-26 21:07:27 - INFO - OK: New exercise loaded: The construction project (4 pages)
  [INFO] พบทั้งหมด 4 หน้า
2026-09-26 21:07:27 - INFO - INFO: พบทั้งหมด 4 หน้า
  [PAGE] หน้า 1/4 | ประเภท: type-video
2026-09-26 21:07:29 - INFO - PAGE: หน้า 1/4 | ประเภท: type-video
2026-09-26 21:07:29 - INFO - === Video Solver Started ===
    >> Video action: seeked-and-played
2026-09-26 21:07:29 - INFO - STEP: Video action: seeked-and-played
2026-09-26 21:07:33 - INFO - Video done. Time: 4.04s
  [>>  ] หน้า 1: สำเร็จ (video) | 4.04s
2026-09-26 21:07:33 - INFO - RESULT: หน้า 1: สำเร็จ (video) | 4.04s
  [PAGE] หน้า 2/4 | ประเภท: type-answer
2026-09-26 21:07:35 - INFO - PAGE: หน้า 2/4 | ประเภท: type-answer
2026-09-26 21:07:35 - INFO - [FORCE] Page 2: force_solve=True — skipping early-pass check
2026-09-26 21:07:35 - INFO - === Answer Solver ===
    >> Clicked [Correction]
2026-09-26 21:07:36 - INFO - STEP: Clicked [Correction]
    >> Clicked [Solution]
2026-09-26 21:07:39 - INFO - STEP: Clicked [Solution]
    >> Extracted 4 answers: ['were designed', 'were put up', 'was painted', 'was inspected']
2026-09-26 21:07:42 - INFO - STEP: Extracted 4 answers: ['were designed', 'were put up', 'was painted', 'was inspected']
    >> Clicked [Repeat]
2026-09-26 21:07:42 - INFO - STEP: Clicked [Repeat]
2026-09-26 21:07:46 - INFO - --- Iteration 1/10 | Score: 0 ---
    >> Clicked [Correction]
2026-09-26 21:07:47 - INFO - STEP: Clicked [Correction]
2026-09-26 21:07:50 - INFO - --- Iteration 2/10 | Score: 100 ---
  [>>  ] หน้า 2: สำเร็จ (100) | 15.09s
2026-09-26 21:07:51 - INFO - RESULT: หน้า 2: สำเร็จ (100) | 15.09s
  [PAGE] หน้า 3/4 | ประเภท: type-answer
2026-09-26 21:07:54 - INFO - PAGE: หน้า 3/4 | ประเภท: type-answer
2026-09-26 21:07:54 - INFO - [FORCE] Page 3: force_solve=True — skipping early-pass check
2026-09-26 21:07:54 - INFO - === Answer Solver ===
    >> Clicked [Correction]
2026-09-26 21:07:55 - INFO - STEP: Clicked [Correction]
    >> Clicked [Solution]
2026-09-26 21:07:57 - INFO - STEP: Clicked [Solution]
    >> Extracted 3 answers: ['was identified', 'was fired', 'was brought in']
2026-09-26 21:08:00 - INFO - STEP: Extracted 3 answers: ['was identified', 'was fired', 'was brought in']
    >> Clicked [Repeat]
2026-09-26 21:08:00 - INFO - STEP: Clicked [Repeat]
2026-09-26 21:08:04 - INFO - --- Iteration 1/10 | Score: 0 ---
    >> Clicked [Correction]
2026-09-26 21:08:05 - INFO - STEP: Clicked [Correction]
2026-09-26 21:08:09 - INFO - --- Iteration 2/10 | Score: 100 ---
  [>>  ] หน้า 3: สำเร็จ (100) | 14.84s
2026-09-26 21:08:10 - INFO - RESULT: หน้า 3: สำเร็จ (100) | 14.84s
  [PAGE] หน้า 4/4 | ประเภท: type-answer
2026-09-26 21:08:12 - INFO - PAGE: หน้า 4/4 | ประเภท: type-answer
2026-09-26 21:08:12 - INFO - [FORCE] Page 4: force_solve=True — skipping early-pass check
2026-09-26 21:08:12 - INFO - === Answer Solver ===
    >> Clicked [Correction]
2026-09-26 21:08:13 - INFO - STEP: Clicked [Correction]
    >> Clicked [Solution]
2026-09-26 21:08:15 - INFO - STEP: Clicked [Solution]
    >> Extracted 4 answers: ['I was told that he is nice', 'My letter was returned', 'I was called in the middle of the night', 'The bank was robbed']
2026-09-26 21:08:19 - INFO - STEP: Extracted 4 answers: ['I was told that he is nice', 'My letter was returned', 'I was called in the middle of the night', 'The bank was robbed']
    >> Clicked [Repeat]
2026-09-26 21:08:19 - INFO - STEP: Clicked [Repeat]
2026-09-26 21:08:22 - INFO - --- Iteration 1/10 | Score: 0 ---
    >> Clicked [Correction]
2026-09-26 21:08:24 - INFO - STEP: Clicked [Correction]
2026-09-26 21:08:27 - INFO - --- Iteration 2/10 | Score: 100 ---
  [>>  ] หน้า 4: สำเร็จ (100) | 15.08s
2026-09-26 21:08:28 - INFO - RESULT: หน้า 4: สำเร็จ (100) | 15.08s

  ===========================================================================
     >>> สรุปผลการทำแบบฝึกหัด <<<
  ===========================================================================
     รายการแบบฝึกหัด:
  ---------------------------------------------------------------------------
   [[OK]] หน้า 1   |  ผ่าน      |  คะแนน 100/100  |  เวลาที่ใช้ 4.04s
   [[OK]] หน้า 2   |  ผ่าน      |  คะแนน 100/100  |  เวลาที่ใช้ 15.09s
   [[OK]] หน้า 3   |  ผ่าน      |  คะแนน 100/100  |  เวลาที่ใช้ 14.84s
   [[OK]] หน้า 4   |  ผ่าน      |  คะแนน 100/100  |  เวลาที่ใช้ 15.08s
  ---------------------------------------------------------------------------
     ผ่านทั้งหมด : 4
     เวลารวม : 49.05 s
  ===========================================================================
2026-09-26 21:08:29 - INFO - [REPORT] Saved: reports\The_construction_project_20260926_210829.json
  [INFO] Done.
2026-09-26 21:08:29 - INFO - INFO: Done.
  [ OK ] Completion modal detected (after 0.0s)
2026-09-26 21:08:29 - INFO - OK: Completion modal detected (after 0.0s)
  [ OK ] Clicked [เรียนรู้ต่อ (Continue)]
2026-09-26 21:08:29 - INFO - OK: Clicked [เรียนรู้ต่อ (Continue)]
  [ OK ] Moving on (Continue)...
2026-09-26 21:08:31 - INFO - OK: Moving on (Continue)...
2026-09-26 21:08:33 - INFO - [TOTAL] Found 3 pages via .exercises-large-navigation.visible-lg li (attempt 1/2)
  [ OK ] New exercise loaded: Who did it? (3 pages)
2026-09-26 21:08:33 - INFO - OK: New exercise loaded: Who did it? (3 pages)
  [INFO] พบทั้งหมด 3 หน้า
2026-09-26 21:08:33 - INFO - INFO: พบทั้งหมด 3 หน้า
  [PAGE] หน้า 1/3 | ประเภท: type-answer
2026-09-26 21:08:35 - INFO - PAGE: หน้า 1/3 | ประเภท: type-answer
2026-09-26 21:08:35 - INFO - [FORCE] Page 1: force_solve=True — skipping early-pass check
2026-09-26 21:08:35 - INFO - === Answer Solver ===
    >> Clicked [Correction]
2026-09-26 21:08:35 - INFO - STEP: Clicked [Correction]
    >> Clicked [Solution]
2026-09-26 21:08:38 - INFO - STEP: Clicked [Solution]
    >> Extracted 3 answers: ['was answered by the man', 'were bought by the tourists', 'was visited by many people']
2026-09-26 21:08:41 - INFO - STEP: Extracted 3 answers: ['was answered by the man', 'were bought by the tourists', 'was visited by many people']
    >> Clicked [Repeat]
2026-09-26 21:08:41 - INFO - STEP: Clicked [Repeat]
2026-09-26 21:08:45 - INFO - --- Iteration 1/10 | Score: 0 ---
    >> Clicked [Correction]
2026-09-26 21:08:46 - INFO - STEP: Clicked [Correction]
2026-09-26 21:08:49 - INFO - --- Iteration 2/10 | Score: 100 ---
  [>>  ] หน้า 1: สำเร็จ (100) | 14.90s
2026-09-26 21:08:50 - INFO - RESULT: หน้า 1: สำเร็จ (100) | 14.90s
  [PAGE] หน้า 2/3 | ประเภท: type-answer
2026-09-26 21:08:53 - INFO - PAGE: หน้า 2/3 | ประเภท: type-answer
2026-09-26 21:08:53 - INFO - [FORCE] Page 2: force_solve=True — skipping early-pass check
2026-09-26 21:08:53 - INFO - === Answer Solver ===
    >> Clicked [Correction]
2026-09-26 21:08:54 - INFO - STEP: Clicked [Correction]
    >> Clicked [Solution]
2026-09-26 21:08:56 - INFO - STEP: Clicked [Solution]
    >> Extracted 4 answers: ['A book about the Mississippi was written by Mark Twain', 'Huckleberry Finn was read by many children', 'The book was made even more famous by the movie', 'The book was bought by adults, too']
2026-09-26 21:08:59 - INFO - STEP: Extracted 4 answers: ['A book about the Mississippi was written by Mark Twain', 'Huckleberry Finn was read by many children', 'The book was made even more famous by the movie', 'The book was bought by adults, too']
    >> Clicked [Repeat]
2026-09-26 21:08:59 - INFO - STEP: Clicked [Repeat]
2026-09-26 21:09:03 - INFO - --- Iteration 1/10 | Score: 0 ---
    >> Clicked [Correction]
2026-09-26 21:09:05 - INFO - STEP: Clicked [Correction]
2026-09-26 21:09:08 - INFO - --- Iteration 2/10 | Score: 100 ---
  [>>  ] หน้า 2: สำเร็จ (100) | 15.06s
2026-09-26 21:09:09 - INFO - RESULT: หน้า 2: สำเร็จ (100) | 15.06s
  [PAGE] หน้า 3/3 | ประเภท: type-single-choice
2026-09-26 21:09:11 - INFO - PAGE: หน้า 3/3 | ประเภท: type-single-choice
2026-09-26 21:09:11 - INFO - [FORCE] Page 3: force_solve=True — skipping early-pass check
2026-09-26 21:09:11 - INFO - === Single Choice Solver ===
    >> Clicked [Correction]
2026-09-26 21:09:12 - INFO - STEP: Clicked [Correction]
    >> Clicked [Solution]
2026-09-26 21:09:14 - INFO - STEP: Clicked [Solution]
    >> Detected correct per item: [0, 1, 0, 0, 1]
2026-09-26 21:09:17 - INFO - STEP: Detected correct per item: [0, 1, 0, 0, 1]
    >> Clicked [Repeat]
2026-09-26 21:09:18 - INFO - STEP: Clicked [Repeat]
2026-09-26 21:09:22 - INFO - --- Iteration 1/8 | Score: 0 ---
    >> Clicked [Correction]
2026-09-26 21:09:23 - INFO - STEP: Clicked [Correction]
2026-09-26 21:09:26 - INFO - --- Iteration 2/8 | Score: 100 ---
  [>>  ] หน้า 3: สำเร็จ (100) | 14.52s
2026-09-26 21:09:27 - INFO - RESULT: หน้า 3: สำเร็จ (100) | 14.52s

  ===========================================================================
     >>> สรุปผลการทำแบบฝึกหัด <<<
  ===========================================================================
     รายการแบบฝึกหัด:
  ---------------------------------------------------------------------------
   [[OK]] หน้า 1   |  ผ่าน      |  คะแนน 100/100  |  เวลาที่ใช้ 14.90s
   [[OK]] หน้า 2   |  ผ่าน      |  คะแนน 100/100  |  เวลาที่ใช้ 15.06s
   [[OK]] หน้า 3   |  ผ่าน      |  คะแนน 100/100  |  เวลาที่ใช้ 14.52s
  ---------------------------------------------------------------------------
     ผ่านทั้งหมด : 3
     เวลารวม : 44.48 s
  ===========================================================================
2026-09-26 21:09:28 - INFO - [REPORT] Saved: reports\Who_did_it_20260926_210928.json
  [INFO] Done.
2026-09-26 21:09:28 - INFO - INFO: Done.
  [ OK ] Completion modal detected (after 0.0s)
2026-09-26 21:09:28 - INFO - OK: Completion modal detected (after 0.0s)
  [ OK ] Clicked [เรียนรู้ต่อ (Continue)]
2026-09-26 21:09:28 - INFO - OK: Clicked [เรียนรู้ต่อ (Continue)]
  [ OK ] Moving on (Continue)...
2026-09-26 21:09:29 - INFO - OK: Moving on (Continue)...
2026-09-26 21:09:31 - INFO - [TOTAL] Found 12 pages via .exercises-large-navigation.visible-lg li (attempt 1/2)
  [ OK ] New exercise loaded: The letter was sent (12 pages)
2026-09-26 21:09:31 - INFO - OK: New exercise loaded: The letter was sent (12 pages)
  [INFO] พบทั้งหมด 12 หน้า
2026-09-26 21:09:31 - INFO - INFO: พบทั้งหมด 12 หน้า
  [PAGE] หน้า 1/12 | ประเภท: type-single-item-pronunciation
2026-09-26 21:09:33 - INFO - PAGE: หน้า 1/12 | ประเภท: type-single-item-pronunciation
2026-09-26 21:09:33 - INFO - [FORCE] Page 1: force_solve=True — skipping early-pass check
2026-09-26 21:09:33 - INFO - === Pronunciation Solver ===
    >> Recording item 1...
2026-09-26 21:09:33 - INFO - STEP: Recording item 1...
    >> Mic started
2026-09-26 21:09:34 - INFO - STEP: Mic started
    >> Recording duration: 4.0s
2026-09-26 21:09:35 - INFO - STEP: Recording duration: 4.0s
    >> Mic stopped
2026-09-26 21:09:39 - INFO - STEP: Mic stopped
    >> Checking pronunciation batch...
2026-09-26 21:09:39 - INFO - STEP: Checking pronunciation batch...
    >> Clicked [Correction]
2026-09-26 21:09:39 - INFO - STEP: Clicked [Correction]
    >> Result: 91/100 | Failed items: 0 | Unscored: 0
2026-09-26 21:09:44 - INFO - STEP: Result: 91/100 | Failed items: 0 | Unscored: 0
2026-09-26 21:09:44 - INFO - Pronunciation SUCCESS! Time: 10.85s | Score: 91
  [>>  ] หน้า 1: สำเร็จ (91) | 10.85s
2026-09-26 21:09:45 - INFO - RESULT: หน้า 1: สำเร็จ (91) | 10.85s
  [PAGE] หน้า 2/12 | ประเภท: type-single-item-pronunciation
2026-09-26 21:09:47 - INFO - PAGE: หน้า 2/12 | ประเภท: type-single-item-pronunciation
2026-09-26 21:09:47 - INFO - [FORCE] Page 2: force_solve=True — skipping early-pass check
2026-09-26 21:09:47 - INFO - === Pronunciation Solver ===
    >> Recording item 1...
2026-09-26 21:09:48 - INFO - STEP: Recording item 1...
    >> Mic started
2026-09-26 21:09:49 - INFO - STEP: Mic started
    >> Recording duration: 3.5s
2026-09-26 21:09:49 - INFO - STEP: Recording duration: 3.5s
    >> Mic stopped
2026-09-26 21:09:53 - INFO - STEP: Mic stopped
    >> Checking pronunciation batch...
2026-09-26 21:09:53 - INFO - STEP: Checking pronunciation batch...
    >> Clicked [Correction]
2026-09-26 21:09:53 - INFO - STEP: Clicked [Correction]
    >> Result: 89/100 | Failed items: 0 | Unscored: 0
2026-09-26 21:09:58 - INFO - STEP: Result: 89/100 | Failed items: 0 | Unscored: 0
2026-09-26 21:09:58 - INFO - Pronunciation SUCCESS! Time: 10.43s | Score: 89
  [>>  ] หน้า 2: สำเร็จ (89) | 10.43s
2026-09-26 21:09:58 - INFO - RESULT: หน้า 2: สำเร็จ (89) | 10.43s
  [PAGE] หน้า 3/12 | ประเภท: type-single-item-pronunciation
2026-09-26 21:10:01 - INFO - PAGE: หน้า 3/12 | ประเภท: type-single-item-pronunciation
2026-09-26 21:10:01 - INFO - [FORCE] Page 3: force_solve=True — skipping early-pass check
2026-09-26 21:10:01 - INFO - === Pronunciation Solver ===
    >> Recording item 1...
2026-09-26 21:10:02 - INFO - STEP: Recording item 1...
    >> Mic started
2026-09-26 21:10:02 - INFO - STEP: Mic started
    >> Recording duration: 3.5s
2026-09-26 21:10:03 - INFO - STEP: Recording duration: 3.5s
    >> Mic stopped
2026-09-26 21:10:07 - INFO - STEP: Mic stopped
    >> Checking pronunciation batch...
2026-09-26 21:10:07 - INFO - STEP: Checking pronunciation batch...
    >> Clicked [Correction]
2026-09-26 21:10:07 - INFO - STEP: Clicked [Correction]
    >> Result: 87/100 | Failed items: 0 | Unscored: 0
2026-09-26 21:10:11 - INFO - STEP: Result: 87/100 | Failed items: 0 | Unscored: 0
2026-09-26 21:10:11 - INFO - Pronunciation SUCCESS! Time: 10.28s | Score: 87
  [>>  ] หน้า 3: สำเร็จ (87) | 10.28s
2026-09-26 21:10:12 - INFO - RESULT: หน้า 3: สำเร็จ (87) | 10.28s
  [PAGE] หน้า 4/12 | ประเภท: type-single-item-pronunciation
2026-09-26 21:10:15 - INFO - PAGE: หน้า 4/12 | ประเภท: type-single-item-pronunciation
2026-09-26 21:10:15 - INFO - [FORCE] Page 4: force_solve=True — skipping early-pass check
2026-09-26 21:10:15 - INFO - === Pronunciation Solver ===
    >> Recording item 1...
2026-09-26 21:10:15 - INFO - STEP: Recording item 1...
    >> Mic started
2026-09-26 21:10:16 - INFO - STEP: Mic started
    >> Recording duration: 3.5s
2026-09-26 21:10:17 - INFO - STEP: Recording duration: 3.5s
    >> Mic stopped
2026-09-26 21:10:20 - INFO - STEP: Mic stopped
    >> Checking pronunciation batch...
2026-09-26 21:10:21 - INFO - STEP: Checking pronunciation batch...
    >> Clicked [Correction]
2026-09-26 21:10:21 - INFO - STEP: Clicked [Correction]
    >> Result: 91/100 | Failed items: 0 | Unscored: 0
2026-09-26 21:10:25 - INFO - STEP: Result: 91/100 | Failed items: 0 | Unscored: 0
2026-09-26 21:10:25 - INFO - Pronunciation SUCCESS! Time: 10.31s | Score: 91
  [>>  ] หน้า 4: สำเร็จ (91) | 10.31s
2026-09-26 21:10:26 - INFO - RESULT: หน้า 4: สำเร็จ (91) | 10.31s
  [PAGE] หน้า 5/12 | ประเภท: type-single-item-pronunciation
2026-09-26 21:10:29 - INFO - PAGE: หน้า 5/12 | ประเภท: type-single-item-pronunciation
2026-09-26 21:10:29 - INFO - [FORCE] Page 5: force_solve=True — skipping early-pass check
2026-09-26 21:10:29 - INFO - === Pronunciation Solver ===
    >> Recording item 1...
2026-09-26 21:10:29 - INFO - STEP: Recording item 1...
    >> Mic started
2026-09-26 21:10:30 - INFO - STEP: Mic started
    >> Recording duration: 4.0s
2026-09-26 21:10:30 - INFO - STEP: Recording duration: 4.0s
    >> Mic stopped
2026-09-26 21:10:34 - INFO - STEP: Mic stopped
    >> Checking pronunciation batch...
2026-09-26 21:10:35 - INFO - STEP: Checking pronunciation batch...
    >> Clicked [Correction]
2026-09-26 21:10:35 - INFO - STEP: Clicked [Correction]
    >> Result: 98/100 | Failed items: 0 | Unscored: 0
2026-09-26 21:10:39 - INFO - STEP: Result: 98/100 | Failed items: 0 | Unscored: 0
2026-09-26 21:10:39 - INFO - Pronunciation SUCCESS! Time: 10.84s | Score: 98
  [>>  ] หน้า 5: สำเร็จ (98) | 10.84s
2026-09-26 21:10:40 - INFO - RESULT: หน้า 5: สำเร็จ (98) | 10.84s
  [PAGE] หน้า 6/12 | ประเภท: type-single-item-pronunciation
2026-09-26 21:10:43 - INFO - PAGE: หน้า 6/12 | ประเภท: type-single-item-pronunciation
2026-09-26 21:10:43 - INFO - [FORCE] Page 6: force_solve=True — skipping early-pass check
2026-09-26 21:10:43 - INFO - === Pronunciation Solver ===
    >> Recording item 1...
2026-09-26 21:10:43 - INFO - STEP: Recording item 1...
    >> Mic started
2026-09-26 21:10:44 - INFO - STEP: Mic started
    >> Recording duration: 4.4s
2026-09-26 21:10:45 - INFO - STEP: Recording duration: 4.4s
    >> Mic stopped
2026-09-26 21:10:49 - INFO - STEP: Mic stopped
    >> Checking pronunciation batch...
2026-09-26 21:10:50 - INFO - STEP: Checking pronunciation batch...
    >> Clicked [Correction]
2026-09-26 21:10:50 - INFO - STEP: Clicked [Correction]
    >> Result: 97/100 | Failed items: 0 | Unscored: 0
2026-09-26 21:10:54 - INFO - STEP: Result: 97/100 | Failed items: 0 | Unscored: 0
2026-09-26 21:10:54 - INFO - Pronunciation SUCCESS! Time: 11.26s | Score: 97
  [>>  ] หน้า 6: สำเร็จ (97) | 11.26s
2026-09-26 21:10:55 - INFO - RESULT: หน้า 6: สำเร็จ (97) | 11.26s
  [PAGE] หน้า 7/12 | ประเภท: type-single-item-pronunciation
2026-09-26 21:10:57 - INFO - PAGE: หน้า 7/12 | ประเภท: type-single-item-pronunciation
2026-09-26 21:10:57 - INFO - [FORCE] Page 7: force_solve=True — skipping early-pass check
2026-09-26 21:10:57 - INFO - === Pronunciation Solver ===
    >> Recording item 1...
2026-09-26 21:10:58 - INFO - STEP: Recording item 1...
    >> Mic started
2026-09-26 21:10:59 - INFO - STEP: Mic started
    >> Recording duration: 4.0s
2026-09-26 21:10:59 - INFO - STEP: Recording duration: 4.0s
    >> Mic stopped
2026-09-26 21:11:03 - INFO - STEP: Mic stopped
    >> Checking pronunciation batch...
2026-09-26 21:11:04 - INFO - STEP: Checking pronunciation batch...
    >> Clicked [Correction]
2026-09-26 21:11:04 - INFO - STEP: Clicked [Correction]
    >> Result: 97/100 | Failed items: 0 | Unscored: 0
2026-09-26 21:11:08 - INFO - STEP: Result: 97/100 | Failed items: 0 | Unscored: 0
2026-09-26 21:11:08 - INFO - Pronunciation SUCCESS! Time: 10.76s | Score: 97
  [>>  ] หน้า 7: สำเร็จ (97) | 10.76s
2026-09-26 21:11:09 - INFO - RESULT: หน้า 7: สำเร็จ (97) | 10.76s
  [PAGE] หน้า 8/12 | ประเภท: type-single-item-pronunciation
2026-09-26 21:11:12 - INFO - PAGE: หน้า 8/12 | ประเภท: type-single-item-pronunciation
2026-09-26 21:11:12 - INFO - [FORCE] Page 8: force_solve=True — skipping early-pass check
2026-09-26 21:11:12 - INFO - === Pronunciation Solver ===
    >> Recording item 1...
2026-09-26 21:11:12 - INFO - STEP: Recording item 1...
    >> Mic started
2026-09-26 21:11:13 - INFO - STEP: Mic started
    >> Recording duration: 3.6s
2026-09-26 21:11:14 - INFO - STEP: Recording duration: 3.6s
    >> Mic stopped
2026-09-26 21:11:17 - INFO - STEP: Mic stopped
    >> Checking pronunciation batch...
2026-09-26 21:11:18 - INFO - STEP: Checking pronunciation batch...
    >> Clicked [Correction]
2026-09-26 21:11:18 - INFO - STEP: Clicked [Correction]
    >> Result: 92/100 | Failed items: 0 | Unscored: 0
2026-09-26 21:11:22 - INFO - STEP: Result: 92/100 | Failed items: 0 | Unscored: 0
2026-09-26 21:11:22 - INFO - Pronunciation SUCCESS! Time: 10.54s | Score: 92
  [>>  ] หน้า 8: สำเร็จ (92) | 10.54s
2026-09-26 21:11:23 - INFO - RESULT: หน้า 8: สำเร็จ (92) | 10.54s
  [PAGE] หน้า 9/12 | ประเภท: type-single-item-pronunciation
2026-09-26 21:11:26 - INFO - PAGE: หน้า 9/12 | ประเภท: type-single-item-pronunciation
2026-09-26 21:11:26 - INFO - [FORCE] Page 9: force_solve=True — skipping early-pass check
2026-09-26 21:11:26 - INFO - === Pronunciation Solver ===
    >> Recording item 1...
2026-09-26 21:11:26 - INFO - STEP: Recording item 1...
    >> Mic started
2026-09-26 21:11:27 - INFO - STEP: Mic started
    >> Recording duration: 3.5s
2026-09-26 21:11:28 - INFO - STEP: Recording duration: 3.5s
    >> Mic stopped
2026-09-26 21:11:31 - INFO - STEP: Mic stopped
    >> Checking pronunciation batch...
2026-09-26 21:11:32 - INFO - STEP: Checking pronunciation batch...
    >> Clicked [Correction]
2026-09-26 21:11:32 - INFO - STEP: Clicked [Correction]
    >> Result: 97/100 | Failed items: 0 | Unscored: 0
2026-09-26 21:11:36 - INFO - STEP: Result: 97/100 | Failed items: 0 | Unscored: 0
2026-09-26 21:11:36 - INFO - Pronunciation SUCCESS! Time: 10.35s | Score: 97
  [>>  ] หน้า 9: สำเร็จ (97) | 10.35s
2026-09-26 21:11:37 - INFO - RESULT: หน้า 9: สำเร็จ (97) | 10.35s
  [PAGE] หน้า 10/12 | ประเภท: type-single-item-pronunciation
2026-09-26 21:11:39 - INFO - PAGE: หน้า 10/12 | ประเภท: type-single-item-pronunciation
2026-09-26 21:11:39 - INFO - [FORCE] Page 10: force_solve=True — skipping early-pass check
2026-09-26 21:11:39 - INFO - === Pronunciation Solver ===
    >> Recording item 1...
2026-09-26 21:11:40 - INFO - STEP: Recording item 1...
    >> Mic started
2026-09-26 21:11:41 - INFO - STEP: Mic started
    >> Recording duration: 3.5s
2026-09-26 21:11:41 - INFO - STEP: Recording duration: 3.5s
    >> Mic stopped
2026-09-26 21:11:45 - INFO - STEP: Mic stopped
    >> Checking pronunciation batch...
2026-09-26 21:11:45 - INFO - STEP: Checking pronunciation batch...
    >> Clicked [Correction]
2026-09-26 21:11:45 - INFO - STEP: Clicked [Correction]
    >> Result: 98/100 | Failed items: 0 | Unscored: 0
2026-09-26 21:11:50 - INFO - STEP: Result: 98/100 | Failed items: 0 | Unscored: 0
2026-09-26 21:11:50 - INFO - Pronunciation SUCCESS! Time: 10.31s | Score: 98
  [>>  ] หน้า 10: สำเร็จ (98) | 10.31s
2026-09-26 21:11:50 - INFO - RESULT: หน้า 10: สำเร็จ (98) | 10.31s
  [PAGE] หน้า 11/12 | ประเภท: type-single-item-pronunciation
2026-09-26 21:11:53 - INFO - PAGE: หน้า 11/12 | ประเภท: type-single-item-pronunciation
2026-09-26 21:11:53 - INFO - [FORCE] Page 11: force_solve=True — skipping early-pass check
2026-09-26 21:11:53 - INFO - === Pronunciation Solver ===
    >> Recording item 1...
2026-09-26 21:11:54 - INFO - STEP: Recording item 1...
    >> Mic started
2026-09-26 21:11:54 - INFO - STEP: Mic started
    >> Recording duration: 3.5s
2026-09-26 21:11:55 - INFO - STEP: Recording duration: 3.5s
    >> Mic stopped
2026-09-26 21:11:59 - INFO - STEP: Mic stopped
    >> Checking pronunciation batch...
2026-09-26 21:11:59 - INFO - STEP: Checking pronunciation batch...
    >> Clicked [Correction]
2026-09-26 21:11:59 - INFO - STEP: Clicked [Correction]
    >> Result: 94/100 | Failed items: 1 | Unscored: 0
2026-09-26 21:12:03 - INFO - STEP: Result: 94/100 | Failed items: 1 | Unscored: 0
2026-09-26 21:12:03 - INFO - [PRON] Retry round 1: items [1]
    >> Recording item 1...
2026-09-26 21:12:03 - INFO - STEP: Recording item 1...
2026-09-26 21:12:08 - WARNING - [PRON] No reference audio found for item 1
    >> Mic started
2026-09-26 21:12:09 - INFO - STEP: Mic started
    >> Recording duration: 8.0s
2026-09-26 21:12:09 - INFO - STEP: Recording duration: 8.0s
    >> Mic stopped
2026-09-26 21:12:17 - INFO - STEP: Mic stopped
    >> Checking pronunciation batch...
2026-09-26 21:12:18 - INFO - STEP: Checking pronunciation batch...
    >> Clicked [Correction]
2026-09-26 21:12:20 - INFO - STEP: Clicked [Correction]
    >> Result: 6/100 | Failed items: 1 | Unscored: 0
2026-09-26 21:12:24 - INFO - STEP: Result: 6/100 | Failed items: 1 | Unscored: 0
2026-09-26 21:12:24 - INFO - [PRON] Retry round 2: items [1]
    >> Recording item 1...
2026-09-26 21:12:24 - INFO - STEP: Recording item 1...
2026-09-26 21:12:31 - WARNING - [PRON] No reference audio found for item 1
    >> Mic started
2026-09-26 21:12:34 - INFO - STEP: Mic started
    >> Recording duration: 8.0s
2026-09-26 21:12:34 - INFO - STEP: Recording duration: 8.0s
    >> Mic stopped
2026-09-26 21:12:42 - INFO - STEP: Mic stopped
    >> Checking pronunciation batch...
2026-09-26 21:12:43 - INFO - STEP: Checking pronunciation batch...
    >> Clicked [Correction]
2026-09-26 21:12:45 - INFO - STEP: Clicked [Correction]
    >> Result: 3/100 | Failed items: 1 | Unscored: 0
2026-09-26 21:12:49 - INFO - STEP: Result: 3/100 | Failed items: 1 | Unscored: 0
2026-09-26 21:12:49 - INFO - [PRON] Retry round 3: items [1]
    >> Recording item 1...
2026-09-26 21:12:49 - INFO - STEP: Recording item 1...
2026-09-26 21:12:55 - WARNING - [PRON] No reference audio found for item 1
    >> Mic started
2026-09-26 21:12:59 - INFO - STEP: Mic started
    >> Recording duration: 8.0s
2026-09-26 21:12:59 - INFO - STEP: Recording duration: 8.0s
    >> Mic stopped
2026-09-26 21:13:07 - INFO - STEP: Mic stopped
    >> Checking pronunciation batch...
2026-09-26 21:13:08 - INFO - STEP: Checking pronunciation batch...
    >> Clicked [Correction]
2026-09-26 21:13:10 - INFO - STEP: Clicked [Correction]
    >> Final detected score: 3
2026-09-26 21:13:14 - INFO - STEP: Final detected score: 3
2026-09-26 21:13:14 - WARNING - Pronunciation FAILED. Score: 3 | Failed items: [1]
  [WAIT] กำลังลองใหม่ ครั้งที่ 1/3...
2026-09-26 21:13:15 - INFO - WAIT: กำลังลองใหม่ ครั้งที่ 1/3...
2026-09-26 21:13:15 - INFO - [RESET] No repeat button found
2026-09-26 21:13:15 - INFO - === Pronunciation Solver ===
    >> Recording item 1...
2026-09-26 21:13:15 - INFO - STEP: Recording item 1...
2026-09-26 21:13:22 - WARNING - [PRON] No reference audio found for item 1
    >> Mic started
2026-09-26 21:13:26 - INFO - STEP: Mic started
    >> Recording duration: 8.0s
2026-09-26 21:13:26 - INFO - STEP: Recording duration: 8.0s
    >> Mic stopped
2026-09-26 21:13:34 - INFO - STEP: Mic stopped
    >> Checking pronunciation batch...
2026-09-26 21:13:35 - INFO - STEP: Checking pronunciation batch...
    >> Clicked [Correction]
2026-09-26 21:13:37 - INFO - STEP: Clicked [Correction]
    >> Result: 3/100 | Failed items: 1 | Unscored: 0
2026-09-26 21:13:41 - INFO - STEP: Result: 3/100 | Failed items: 1 | Unscored: 0
2026-09-26 21:13:41 - INFO - [PRON] Retry round 1: items [1]
    >> Recording item 1...
2026-09-26 21:13:41 - INFO - STEP: Recording item 1...
2026-09-26 21:13:48 - WARNING - [PRON] No reference audio found for item 1
    >> Mic started
2026-09-26 21:13:52 - INFO - STEP: Mic started
    >> Recording duration: 8.0s
2026-09-26 21:13:52 - INFO - STEP: Recording duration: 8.0s
    >> Mic stopped
2026-09-26 21:14:00 - INFO - STEP: Mic stopped
    >> Checking pronunciation batch...
2026-09-26 21:14:01 - INFO - STEP: Checking pronunciation batch...
    >> Clicked [Correction]
2026-09-26 21:14:03 - INFO - STEP: Clicked [Correction]
    >> Result: 3/100 | Failed items: 1 | Unscored: 0
2026-09-26 21:14:07 - INFO - STEP: Result: 3/100 | Failed items: 1 | Unscored: 0
2026-09-26 21:14:07 - INFO - [PRON] Retry round 2: items [1]
    >> Recording item 1...
2026-09-26 21:14:07 - INFO - STEP: Recording item 1...
2026-09-26 21:14:14 - WARNING - [PRON] No reference audio found for item 1
    >> Mic started
2026-09-26 21:14:17 - INFO - STEP: Mic started
    >> Recording duration: 8.0s
2026-09-26 21:14:18 - INFO - STEP: Recording duration: 8.0s
    >> Mic stopped
2026-09-26 21:14:26 - INFO - STEP: Mic stopped
    >> Checking pronunciation batch...
2026-09-26 21:14:26 - INFO - STEP: Checking pronunciation batch...
    >> Clicked [Correction]
2026-09-26 21:14:28 - INFO - STEP: Clicked [Correction]
    >> Result: 3/100 | Failed items: 1 | Unscored: 0
2026-09-26 21:14:33 - INFO - STEP: Result: 3/100 | Failed items: 1 | Unscored: 0
2026-09-26 21:14:33 - INFO - [PRON] Retry round 3: items [1]
    >> Recording item 1...
2026-09-26 21:14:33 - INFO - STEP: Recording item 1...
2026-09-26 21:14:39 - WARNING - [PRON] No reference audio found for item 1
    >> Mic started
2026-09-26 21:14:43 - INFO - STEP: Mic started
    >> Recording duration: 8.0s
2026-09-26 21:14:44 - INFO - STEP: Recording duration: 8.0s
    >> Mic stopped
2026-09-26 21:14:52 - INFO - STEP: Mic stopped
    >> Checking pronunciation batch...
2026-09-26 21:14:52 - INFO - STEP: Checking pronunciation batch...
    >> Clicked [Correction]
2026-09-26 21:14:54 - INFO - STEP: Clicked [Correction]
    >> Final detected score: 3
2026-09-26 21:14:58 - INFO - STEP: Final detected score: 3
2026-09-26 21:14:58 - WARNING - Pronunciation FAILED. Score: 3 | Failed items: [1]
  [WAIT] กำลังลองใหม่ ครั้งที่ 2/3...
2026-09-26 21:14:59 - INFO - WAIT: กำลังลองใหม่ ครั้งที่ 2/3...
2026-09-26 21:14:59 - INFO - [RESET] No repeat button found
2026-09-26 21:14:59 - INFO - === Pronunciation Solver ===
    >> Recording item 1...
2026-09-26 21:15:00 - INFO - STEP: Recording item 1...
2026-09-26 21:15:06 - WARNING - [PRON] No reference audio found for item 1
    >> Mic started
2026-09-26 21:15:10 - INFO - STEP: Mic started
    >> Recording duration: 8.0s
2026-09-26 21:15:10 - INFO - STEP: Recording duration: 8.0s
    >> Mic stopped
2026-09-26 21:15:18 - INFO - STEP: Mic stopped
    >> Checking pronunciation batch...
2026-09-26 21:15:19 - INFO - STEP: Checking pronunciation batch...
    >> Clicked [Correction]
2026-09-26 21:15:21 - INFO - STEP: Clicked [Correction]
    >> Result: 3/100 | Failed items: 1 | Unscored: 0
2026-09-26 21:15:25 - INFO - STEP: Result: 3/100 | Failed items: 1 | Unscored: 0
2026-09-26 21:15:25 - INFO - [PRON] Retry round 1: items [1]
    >> Recording item 1...
2026-09-26 21:15:25 - INFO - STEP: Recording item 1...
2026-09-26 21:15:32 - WARNING - [PRON] No reference audio found for item 1
    >> Mic started
2026-09-26 21:15:33 - INFO - STEP: Mic started
    >> Recording duration: 8.0s
2026-09-26 21:15:33 - INFO - STEP: Recording duration: 8.0s
    >> Mic stopped
2026-09-26 21:15:41 - INFO - STEP: Mic stopped
    >> Checking pronunciation batch...
2026-09-26 21:15:42 - INFO - STEP: Checking pronunciation batch...
    >> Clicked [Correction]
2026-09-26 21:15:42 - INFO - STEP: Clicked [Correction]
    >> Result: 3/100 | Failed items: 1 | Unscored: 0
2026-09-26 21:15:46 - INFO - STEP: Result: 3/100 | Failed items: 1 | Unscored: 0
2026-09-26 21:15:46 - INFO - [PRON] Retry round 2: items [1]
    >> Recording item 1...
2026-09-26 21:15:46 - INFO - STEP: Recording item 1...
2026-09-26 21:15:51 - WARNING - [PRON] No reference audio found for item 1
    >> Mic started
2026-09-26 21:15:51 - INFO - STEP: Mic started
    >> Recording duration: 8.0s
2026-09-26 21:15:52 - INFO - STEP: Recording duration: 8.0s
    >> Mic stopped
2026-09-26 21:16:00 - INFO - STEP: Mic stopped
    >> Checking pronunciation batch...
2026-09-26 21:16:01 - INFO - STEP: Checking pronunciation batch...
    >> Clicked [Correction]
2026-09-26 21:16:01 - INFO - STEP: Clicked [Correction]
    >> Result: 0/100 | Failed items: 0 | Unscored: 1
2026-09-26 21:16:05 - INFO - STEP: Result: 0/100 | Failed items: 0 | Unscored: 1
2026-09-26 21:16:05 - INFO - [PRON] Retry round 3: items [1]
    >> Recording item 1...
2026-09-26 21:16:05 - INFO - STEP: Recording item 1...
2026-09-26 21:16:10 - WARNING - [PRON] No reference audio found for item 1
    >> Mic started
2026-09-26 21:16:10 - INFO - STEP: Mic started
    >> Recording duration: 8.0s
2026-09-26 21:16:11 - INFO - STEP: Recording duration: 8.0s
    >> Mic stopped
2026-09-26 21:16:19 - INFO - STEP: Mic stopped
    >> Checking pronunciation batch...
2026-09-26 21:16:19 - INFO - STEP: Checking pronunciation batch...
    >> Clicked [Correction]
2026-09-26 21:16:19 - INFO - STEP: Clicked [Correction]
    >> Final detected score: 0
2026-09-26 21:16:24 - INFO - STEP: Final detected score: 0
2026-09-26 21:16:24 - WARNING - Pronunciation FAILED. Score: 0 | Failed items: []
  [WAIT] ลองใหม่ครบกำหนดแล้ว (Score: 3)
2026-09-26 21:16:24 - INFO - WAIT: ลองใหม่ครบกำหนดแล้ว (Score: 3)
  [ERR ] หน้า 11: ล้มเหลว (Score: 3) | 1m 24.58s
2026-09-26 21:16:24 - INFO - ERROR: หน้า 11: ล้มเหลว (Score: 3) | 1m 24.58s
2026-09-26 21:16:25 - INFO - [SKIP] Clicked Next via: button.action-exercise-button.next
  [PAGE] หน้า 12/12 | ประเภท: type-single-item-pronunciation
2026-09-26 21:16:29 - INFO - PAGE: หน้า 12/12 | ประเภท: type-single-item-pronunciation
2026-09-26 21:16:29 - INFO - [FORCE] Page 12: force_solve=True — skipping early-pass check
2026-09-26 21:16:29 - INFO - === Pronunciation Solver ===
    >> Recording item 1...
2026-09-26 21:16:29 - INFO - STEP: Recording item 1...
    >> Mic started
2026-09-26 21:16:31 - INFO - STEP: Mic started
    >> Recording duration: 3.5s
2026-09-26 21:16:31 - INFO - STEP: Recording duration: 3.5s
    >> Mic stopped
2026-09-26 21:16:35 - INFO - STEP: Mic stopped
    >> Checking pronunciation batch...
2026-09-26 21:16:35 - INFO - STEP: Checking pronunciation batch...
    >> Clicked [Correction]
2026-09-26 21:16:35 - INFO - STEP: Clicked [Correction]
    >> Result: 90/100 | Failed items: 0 | Unscored: 0
2026-09-26 21:16:39 - INFO - STEP: Result: 90/100 | Failed items: 0 | Unscored: 0
2026-09-26 21:16:39 - INFO - Pronunciation SUCCESS! Time: 10.65s | Score: 90
  [>>  ] หน้า 12: สำเร็จ (90) | 10.65s
2026-09-26 21:16:40 - INFO - RESULT: หน้า 12: สำเร็จ (90) | 10.65s

  ===========================================================================
     >>> สรุปผลการทำแบบฝึกหัด <<<
  ===========================================================================
     รายการแบบฝึกหัด:
  ---------------------------------------------------------------------------
   [[OK]] หน้า 1   |  ผ่าน      |  คะแนน  91/100  |  เวลาที่ใช้ 10.85s
   [[OK]] หน้า 2   |  ผ่าน      |  คะแนน  89/100  |  เวลาที่ใช้ 10.43s
   [[OK]] หน้า 3   |  ผ่าน      |  คะแนน  87/100  |  เวลาที่ใช้ 10.28s
   [[OK]] หน้า 4   |  ผ่าน      |  คะแนน  91/100  |  เวลาที่ใช้ 10.31s
   [[OK]] หน้า 5   |  ผ่าน      |  คะแนน  98/100  |  เวลาที่ใช้ 10.84s
   [[OK]] หน้า 6   |  ผ่าน      |  คะแนน  97/100  |  เวลาที่ใช้ 11.26s
   [[OK]] หน้า 7   |  ผ่าน      |  คะแนน  97/100  |  เวลาที่ใช้ 10.76s
   [[OK]] หน้า 8   |  ผ่าน      |  คะแนน  92/100  |  เวลาที่ใช้ 10.54s
   [[OK]] หน้า 9   |  ผ่าน      |  คะแนน  97/100  |  เวลาที่ใช้ 10.35s
   [[OK]] หน้า 10  |  ผ่าน      |  คะแนน  98/100  |  เวลาที่ใช้ 10.31s
   [[X]] หน้า 11  |  ไม่ผ่าน   |  คะแนน   3/100  |  เวลาที่ใช้ 1m 24.58s
   [[OK]] หน้า 12  |  ผ่าน      |  คะแนน  90/100  |  เวลาที่ใช้ 10.65s
  ---------------------------------------------------------------------------
     ผ่านทั้งหมด : 11
     ไม่ผ่าน : 1
     เวลารวม : 201.16 s
  ===========================================================================
2026-09-26 21:16:41 - INFO - [REPORT] Saved: reports\The_letter_was_sent_20260926_211641.json
  [INFO] Done.
2026-09-26 21:16:41 - INFO - INFO: Done.

  --- ขั้นตอนถัดไป ---
  [1] กลับไปหน้ารายการแบบฝึกหัด
  [2] กลับไปเมนูหลัก
  [3] ออกจากโปรแกรม

  [>] Select: 2026-09-26 21:18:16 - INFO - INPUT: 1
  [INFO] Navigating to Results...
2026-09-26 21:18:16 - INFO - INFO: Navigating to Results...
  [ OK ] Results loaded.
2026-09-26 21:18:19 - INFO - OK: Results loaded.
                
   .d888b,?88,.d88b, d8888b d8888b?88,  88P?88,  88P
   ?8b,   `?88'  ?88d8b_,dPd8b_,dP `?8bd8P' `?8bd8P'
     `?8b   88b  d8P88b    88b     d8P?8b,  d8P?8b, 
  `?888P'   888888P'`?888P'`?888P'd8P' `?8bd8P' `?8b
            88P'                                    
           d88                      Make by Zentrary               
           ?8P                                      

  --- รายการแบบฝึกหัด ---

2026-09-26 21:18:20 - INFO - [EXPAND] No visible 'Show more' button
  No.  | หัวข้อ                           | วันที่       | เวลารวม  | คะแนน  | ทบทวน
  -----------------------------------------------------------------------------------------------
  [1  ]| The letter was sent              | 26/09/2026   | 7 min    |        | _         
  [2  ]| Who did it?                      | 26/09/2026   |          | 100    | _         
  [3  ]| The construction project         | 26/09/2026   |          | 100    | _         
  [4  ]| The new office                   | 26/09/2026   |          | 100    | _         
  [5  ]| It has to be done                | 26/09/2026   | 2 min    |        | _         
  [6  ]| A trip to New Orleans            | 26/09/2026   | 2 min    | 91     | _         
  [7  ]| The rent is due                  | 26/09/2026   |          | 100    | _         
  [8  ]| The house                        | 26/09/2026   | 2 min    | 100    | _         
  [9  ]| How long has it been?            | 26/09/2026   | 4 min    |        | _         
  [10 ]| Before and after                 | 26/09/2026   |          | 100    | _         
  [11 ]| What's been going on?            | 26/09/2026   | 1 min    | 100    | _         
  [12 ]| How long?                        | 26/09/2026   |          | 100    | _         
  [13 ]| He had already done it           | 26/09/2026   | 2 min    |        | _         
  [14 ]| What a fantastic view!           | 26/09/2026   | 2 min    | 100    | _         
  [15 ]| When, before and after           | 26/09/2026   | 1 min    | 100    | _         
  [16 ]| Architects                       | 26/09/2026   | 1 min    | 100    | _         
  [17 ]| When the police arrived          | 26/09/2026   | 2 min    |        | _         
  [18 ]| They had been waiting            | 26/09/2026   |          | 100    | _         
  [19 ]| When we got there                | 26/09/2026   | 1 min    | 100    | _         
  [20 ]| The burglary                     | 26/09/2026   |          | 100    | _         
  [21 ]| Street musicians                 | 26/09/2026   | 4 min    |        | _         
  [22 ]| He had waited a long time        | 26/09/2026   |          | 100    | _         
  [23 ]| Absolutely perfect               | 26/09/2026   |          | 100    | _         
  [24 ]| A musical genius                 | 26/09/2026   |          | 100    | _         
  [25 ]| Back to the future               | 26/09/2026   | 3 min    |        | _         
  [26 ]| Tell me everything               | 26/09/2026   | 4 min    | 100    | _         
  [27 ]| What does the future hold?       | 26/09/2026   |          | 100    | _         
  [28 ]| I have been running              | 26/09/2026   | 1 min    | 100    | _         
  [29 ]| I'm leaving tomorrow             | 26/09/2026   | 2 min    |        | _         
  [30 ]| At the truck stop                | 26/09/2026   | 1 min    | 100    | _         
  [31 ]| Scheduled events                 | 26/09/2026   | 3 min    | 97     | _         
  [32 ]| On the road                      | 26/09/2026   | 1 min    | 100    | _         
  [33 ]| We're going to take a tour       | 26/09/2026   | 3 min    |        | _         
  [34 ]| What are your plans?             | 26/09/2026   | 3 min    | 100    | _         
  [35 ]| The big trip                     | 26/09/2026   |          | 100    | _         
  [36 ]| Around the world                 | 26/09/2026   | 2 min    | 100    | _         
  [37 ]| The weather will be great        | 26/09/2026   | 21 min   |        | _         
  [38 ]| Hopes and promises               | 26/09/2026   | 2 min    | 100    | _         
  [39 ]| It'll be fine                    | 26/09/2026   | 4 min    | 100    | _         
  [40 ]| A wedding                        | 26/09/2026   | 1 min    | 100    | _         
  [41 ]| A thing of the past              | 25/09/2026   | 10 min   |        | _         
  [42 ]| When she heard a noise           | 25/09/2026   |          | 100    | _         
  [43 ]| When I walked into the room      | 25/09/2026   |          | 100    | _         
  [44 ]| What are they doing?             | 25/09/2026   | 2 min    | 100    | _         
  [45 ]| When can we meet?                | 25/09/2026   | 12 min   |        | _         
  [46 ]| The date                         | 25/09/2026   | 2 min    | 100    | _         
  [47 ]| The time                         | 24/09/2026   | 2 min    | 100    | _         
  [48 ]| The appointment                  | 24/09/2026   | 3 min    | 100    | _         
  [49 ]| Have you been working out?       | 24/09/2026   | 32 min   |        | _         
  [50 ]| Breaking old habits              | 24/09/2026   | 5 min    | 100    | _         
  [51 ]| Wellness in the workplace        | 24/09/2026   | 2 min    | 100    | _         
  [52 ]| Fitness and health               | 24/09/2026   | 2 min    | 100    | _         
  [53 ]| A healthy lifestyle              | 24/09/2026   | 17 min   |        | _         
  [54 ]| Oh, it's very important!         | 23/09/2026   | 1 min    | 100    | _         
  [55 ]| I used to be so unhealthy        | 23/09/2026   | 8 min    | 100    | _         
  [56 ]| Are you healthy?                 | 23/09/2026   | 27 min   | 100    | _         
  [57 ]| How do you feel?                 | 23/09/2026   | 18 min   |        | _         
  [58 ]| Question words                   | 23/09/2026   | 6 min    | 100    | _         
  [59 ]| Take care                        | 23/09/2026   | 1 h  33 m| 100    | _         
  [60 ]| My body                          | 23/09/2026   | 10 min   | 100    | _         
  [61 ]| That hurts!                      | 23/09/2026   | 11 min   |        | _         
  [62 ]| Ouch!                            | 23/09/2026   | 3 min    | 100    | _         
  [63 ]| What happened?                   | 22/09/2026   | 1 min    | 100    | _         
  [64 ]| A little accident                | 22/09/2026   | 2 min    | 100    | _         
  [65 ]| I was waiting                    | 22/09/2026   | 51 min   |        | _         
  [66 ]| Claudia's audition               | 22/09/2026   | 2 min    | 100    | _         
  [67 ]| Some kind of past                | 22/09/2026   | 19 min   | 100    | _         
  [68 ]| The interview                    | 22/09/2026   | 4 min    | 100    | _         
  [69 ]| What's going on?                 | 22/09/2026   | 26 min   |        | _         
  [70 ]| What's the question?             | 21/09/2026   | 5 min    | 100    | _         
  [71 ]| What's going on in Hollywood?    | 21/09/2026   | 10 min   | 100    | _         
  [72 ]| Show business                    | 20/09/2026   | 4 min    | 100    | _         
  [73 ]| What are you doing?              | 20/09/2026   | 48 min   |        | _         
  [74 ]| We're going out tonight          | 16/09/2026   | 37 min   | 100    | _         
  [75 ]| I eat or I am eating?            | 16/09/2026   | 34 min   | 100    | _         
  [76 ]| He's eating                      | 14/09/2026   | 26 min   | 100    | _         
  -----------------------------------------------------------------------------------------------

  [0] ย้อนกลับ

  [>] เลือกแบบฝึกหัด (เช่น 1, 1-5, 1,3,5, all): 